Month,Barangay,seasonal_share,overall_share,recent_share
1,ALFONSO TABORA,0.011842757936507936,0.008577975256185956,0.0
1,AMBIONG,0.015873015873015872,0.013373799536951175,0.03810389217022565
1,ANDRES BONIFACIO (LOWER BOKAWKAN),0.02305533279871692,0.011568883890780302,0.0
1,APUGAN-LOAKAN,0.009720203488372093,0.013925302344019978,0.016299709848096946
1,ASIN ROAD,0.03869691525534298,0.040495139629523946,0.04824742961953321
1,AURORA HILL PROPER (MALVAR-SGT. FLORESCA),0.06666666666666667,0.016451128900714637,0.0
1,"AURORA HILL, NORTH CENTRAL",0.011627906976744186,0.0070440500353404975,0.0
1,BAKAKENG CENTRAL,0.09231171875994451,0.05252287905817909,0.07683376243121813
1,BAKAKENG NORTH,0.04293083559272413,0.031713512950439615,0.04225352112676056
1,BALSIGAN,0.02066122715681657,0.018198826328624757,0.03046174297878069
1,BAYAN PARK EAST,0.0078125,0.008733808240538508,0.016855764214919144
1,BAYAN PARK WEST,0.0234375,0.011555436430478272,0.010752688172043012
1,BGH COMPOUND,0.033704170432317986,0.014700542507853678,0.019371906468680665
1,CAMDAS SUBDIVISION,0.011771140949920019,0.010891636723397727,0.018518518518518517
1,CAMP 7,0.05157666892605746,0.05260247531961397,0.07195130159691723
1,CAMP 8,0.011627906976744186,0.027513281058517875,0.010752688172043012
1,CAMP ALLEN,0.015625,0.015977416085353455,0.016855764214919144
1,CAMPO FILIPINO,0.023255813953488372,0.012225925774298428,0.018518518518518517
1,CRESENCIA VILLAGE,0.011627906976744186,0.01393283911563931,0.0
1,"DAGSIAN, UPPER",0.015873015873015872,0.005526063241343298,0.0
1,DOMINICAN HILL-MIRADOR,0.027276674335866398,0.015020287210642485,0.01705285476298652
1,DONTOGAN,0.015625,0.014648554964830397,0.01408450704225352
1,DPS AREA,0.0078125,0.009108315198818107,0.0
1,ENGINEERS' HILL,0.013750461424880029,0.01331129875644272,0.037037037037037035
1,FAIRVIEW VILLAGE,0.018251276608834747,0.022199649377479237,0.029804634257155835
1,FERDINAND,0.0078125,0.0108702922963161,0.016299709848096946
1,FERDINAND (HAPPY HOMES-CAMPO SIOCO),0.023255813953488372,0.010982570777634908,0.0
1,FORT DEL PILAR,0.06896551724137931,0.012595409442947061,0.0
1,GABRIELA SILANG,0.06666666666666667,0.01842431555907383,0.018518518518518517
1,"GENERAL EMILIO F. AGUINALDO (QUIRINO-MAGSAYSAY, LOWER)",0.023255813953488372,0.02957987240482632,0.0
1,"GENERAL LUNA, UPPER",0.015625,0.007661001292752662,0.012751779494169318
1,GIBRALTAR,0.019523078934416144,0.0256567382028497,0.010752688172043012
1,GREENWATER VILLAGE,0.015873015873015872,0.009009889610666877,0.0
1,GUISAD CENTRAL,0.042295258620689655,0.015045579087301749,0.01408450704225352
1,GUISAD SORONG,0.06666666666666667,0.012834062514595018,0.07042253521126761
1,HAPPY HOMES,0.015625,0.010513918973961787,0.03225806451612903
1,HAPPY HOMES (HAPPY HOMES-LUCBAN),0.03914728682170543,0.014811403474952915,0.0
1,HOLY GHOST EXTENSION,0.011842757936507936,0.013546610934805506,0.012751779494169318
1,HOLY GHOST PROPER,0.017974388532477948,0.009430139713221332,0.010752688172043012
1,HONEYMOON,0.0078125,0.011782810540811135,0.0
1,IMELDA R. MARCOS,0.0078125,0.007710869303299596,0.010752688172043012
1,IMELDA VILLAGE,0.015873015873015872,0.010702149333658014,0.018518518518518517
1,IRISAN,0.07141845289806648,0.08043941817927641,0.06322546990425228
1,KAYANG EXTENSION,0.015873015873015872,0.009188434562808151,0.0
1,KAYANG-HILLTOP,0.06666666666666667,0.02043479107724134,0.0
1,KIAS,0.020855443275501415,0.03100431958926556,0.024085853231696028
1,LEGARDA-BURNHAM-KISAD,0.015873015873015872,0.011080265765694961,0.0
1,LIWANAG-LOAKAN,0.015749007936507936,0.019213489096757252,0.03225806451612903
1,LOAKAN PROPER,0.04352778414225888,0.03835140492788289,0.046248338297406905
1,LOPEZ JAENA,0.0078125,0.010017775798486228,0.018518518518518517
1,LOURDES SUBDIVISION EXTENSION,0.009720203488372093,0.009976885449244199,0.02816901408450704
1,"LOURDES SUBDIVISION, PROPER",0.0078125,0.005727180185290716,0.010752688172043012
1,LUCNAB,0.015625,0.013416006879613617,0.010752688172043012
1,MAGSAYSAY PRIVATE ROAD,0.019779265873015872,0.008378518994245644,0.0
1,"MARKET SUBDIVISION, UPPER",0.011627906976744186,0.007239918360144109,0.0
1,MIDDLE QUEZON HILL SUBDIVISION,0.0078125,0.008068844792422614,0.0
1,MILITARY CUT-OFF,0.011627906976744186,0.01377961119491897,0.0
1,"MODERN SITE, EAST",0.0078125,0.010574239438031615,0.0
1,MRR-QUEEN OF PEACE,0.015625,0.00957218819327287,0.018518518518518517
1,NEW LUCBAN,0.02326299885598452,0.016799016334701867,0.0
1,OUTLOOK DRIVE,0.0234375,0.008822046518116175,0.01408450704225352
1,PACDAL,0.039927621927546744,0.02653261121259708,0.01563514900634392
1,PADRE BURGOS,0.011627906976744186,0.013396974482136328,0.018518518518518517
1,PADRE ZAMORA,0.011627906976744186,0.009479748898209388,0.010752688172043012
1,PALMA-URBANO,0.015625,0.0074128478282451575,0.010752688172043012
1,PINGET,0.03024565504830641,0.02733545989821189,0.028429838288993217
1,PINSAO PILOT PROJECT,0.021438953488372093,0.02054996271933708,0.018518518518518517
1,PINSAO PROPER,0.04308972983573274,0.023791594339510405,0.025655005300620932
1,POLIWES,0.0078125,0.020987859860269818,0.010752688172043012
1,QUEZON HILL PROPER,0.021147629310344827,0.016023916092710016,0.010752688172043012
1,"QUIRINO HILL, EAST",0.024262272111798475,0.01786910411246421,0.01408450704225352
1,"QUIRINO HILL, LOWER",0.015749007936507936,0.010558985770057558,0.0
1,"QUIRINO-MAGSAYSAY, UPPER",0.0078125,0.007272411862977765,0.010752688172043012
1,"QUIRINO-MAGSAYSAY, UPPER (UPPER QM)",0.06666666666666667,0.013363076673440883,0.01408450704225352
1,"ROCK QUARRY, MIDDLE",0.015749007936507936,0.01129511777559753,0.018518518518518517
1,"ROCK QUARRY, UPPER",0.021147629310344827,0.01051003456099933,0.04225352112676056
1,SAINT JOSEPH VILLAGE,0.009720203488372093,0.015041961280941383,0.01778568664075252
1,SALUD MITRA,0.013626453488372093,0.011555745119006058,0.027044945900011778
1,SAN ANTONIO VILLAGE,0.0078125,0.01037915043592873,0.021505376344086023
1,SAN LUIS VILLAGE,0.027591765873015872,0.03344280323277152,0.01408450704225352
1,SAN VICENTE,0.03616703401656038,0.02513116566646087,0.04556346441853029
1,"SANITARY CAMP, NORTH",0.019389424831235177,0.012820823762075342,0.010752688172043012
1,"SANITARY CAMP, SOUTH",0.013626453488372093,0.008680343454863805,0.01408450704225352
1,SANTA ESCOLASTICA,0.021147629310344827,0.010866754308852098,0.0
1,SANTO ROSARIO,0.0078125,0.01099202252269211,0.018518518518518517
1,SANTO TOMAS PROPER,0.038157395208818626,0.027053400941966448,0.029527223075610173
1,SCOUT BARRIO,0.011627906976744186,0.007812303310760456,0.0
1,SESSION ROAD AREA,0.0078125,0.006205739131548678,0.0
1,SLAUGHTER HOUSE AREA (SANTO NIÑO SLAUGHTER),0.031746031746031744,0.010706438184491117,0.0
1,TEODORA ALONZO,0.024537196149064633,0.011193978931398485,0.010752688172043012
1,TRANCOVILLE,0.015534156976744186,0.014994565099996733,0.02816901408450704
1,VICTORIA VILLAGE,0.015625,0.011696588703199461,0.010752688172043012
2,A. BONIFACIO-CAGUIOA-RIMANDO,0.0196078431372549,0.015224856367173814,0.0
2,A. BONIFACIO-CAGUIOA-RIMANDO (ABCR),0.037037037037037035,0.0111141747055262,0.0
2,AMBIONG,0.00980392156862745,0.013373799536951175,0.03810389217022565
2,ANDRES BONIFACIO,0.00980392156862745,0.00964281864485028,0.0
2,ANDRES BONIFACIO (LOWER BOKAWKAN),0.03117283950617284,0.011568883890780302,0.0
2,APUGAN-LOAKAN,0.036111111111111115,0.013925302344019978,0.016299709848096946
2,ASIN ROAD,0.036964415395787945,0.040495139629523946,0.04824742961953321
2,AURORA HILL PROPER,0.00980392156862745,0.011880397445946352,0.021505376344086023
2,"AURORA HILL, NORTH CENTRAL",0.024691358024691357,0.0070440500353404975,0.0
2,"AURORA HILL, SOUTH CENTRAL",0.012345679012345678,0.009066887485257386,0.018518518518518517
2,BAKAKENG CENTRAL,0.0462236746550472,0.05252287905817909,0.07683376243121813
2,BAKAKENG NORTH,0.03468591140159768,0.031713512950439615,0.04225352112676056
2,BAL-MARCOVILLE,0.00980392156862745,0.004900068836108636,0.0
2,BALSIGAN,0.03146332607116921,0.018198826328624757,0.03046174297878069
2,BGH COMPOUND,0.011074800290486565,0.014700542507853678,0.019371906468680665
2,BROOKSPOINT,0.029901960784313727,0.013107881526982536,0.0
2,CABINET HILL-TEACHER'S CAMP,0.023868312757201648,0.013405186762074112,0.018518518518518517
2,CAMDAS SUBDIVISION,0.044444444444444446,0.010891636723397727,0.018518518518518517
2,CAMP 7,0.03879811183732752,0.05260247531961397,0.07195130159691723
2,CAMP 8,0.2,0.027513281058517875,0.010752688172043012
2,CAMP ALLEN,0.01972887920600339,0.015977416085353455,0.016855764214919144
2,CAMPO FILIPINO,0.00980392156862745,0.012225925774298428,0.018518518518518517
2,CITY CAMP CENTRAL,0.029901960784313727,0.01160167449829462,0.018518518518518517
2,CITY CAMP PROPER,0.012345679012345678,0.014197824667003879,0.010752688172043012
2,DIZON SUBDIVISION,0.0196078431372549,0.0076907271097594165,0.0
2,DOMINICAN HILL-MIRADOR,0.01597676107480029,0.015020287210642485,0.01705285476298652
2,DONTOGAN,0.02832244008714597,0.014648554964830397,0.01408450704225352
2,DPS AREA,0.016013071895424835,0.009108315198818107,0.0
2,FAIRVIEW VILLAGE,0.023021060275962235,0.022199649377479237,0.029804634257155835
2,FERDINAND,0.0196078431372549,0.0108702922963161,0.016299709848096946
2,FERDINAND (HAPPY HOMES-CAMPO SIOCO),0.022222222222222223,0.010982570777634908,0.0
2,FORT DEL PILAR,0.0196078431372549,0.012595409442947061,0.0
2,GABRIELA SILANG,0.024691358024691357,0.01842431555907383,0.018518518518518517
2,"GENERAL LUNA, LOWER",0.012345679012345678,0.0038054685982949706,0.0
2,"GENERAL LUNA, UPPER",0.0196078431372549,0.007661001292752662,0.012751779494169318
2,GIBRALTAR,0.03734567901234568,0.0256567382028497,0.010752688172043012
2,GUISAD CENTRAL,0.023021060275962235,0.015045579087301749,0.01408450704225352
2,GUISAD SORONG,0.00980392156862745,0.012834062514595018,0.07042253521126761
2,HAPPY HOMES,0.00980392156862745,0.010513918973961787,0.03225806451612903
2,HAPPY HOMES (HAPPY HOMES-LUCBAN),0.022222222222222223,0.014811403474952915,0.0
2,HOLY GHOST EXTENSION,0.025816993464052286,0.013546610934805506,0.012751779494169318
2,HOLY GHOST PROPER,0.017247639796659404,0.009430139713221332,0.010752688172043012
2,HONEYMOON,0.00980392156862745,0.011782810540811135,0.0
2,HONEYMOON (HONEYMOON-HOLY GHOST),0.012345679012345678,0.008947342390148848,0.0
2,IMELDA VILLAGE,0.016013071895424835,0.010702149333658014,0.018518518518518517
2,IRISAN,0.10049019607843138,0.08043941817927641,0.06322546990425228
2,KAYANG EXTENSION,0.02712418300653595,0.009188434562808151,0.0
2,KAYANG-HILLTOP,0.00980392156862745,0.02043479107724134,0.0
2,KIAS,0.05136770757685791,0.03100431958926556,0.024085853231696028
2,LEGARDA-BURNHAM-KISAD,0.036111111111111115,0.011080265765694961,0.0
2,LOAKAN PROPER,0.02786250302590172,0.03835140492788289,0.046248338297406905
2,LOPEZ JAENA,0.00980392156862745,0.010017775798486228,0.018518518518518517
2,LOURDES SUBDIVISION EXTENSION,0.00980392156862745,0.009976885449244199,0.02816901408450704
2,LUCNAB,0.044444444444444446,0.013416006879613617,0.010752688172043012
2,MAGSAYSAY PRIVATE ROAD,0.012345679012345678,0.008378518994245644,0.0
2,"MAGSAYSAY, LOWER",0.00980392156862745,0.007952753823419144,0.0
2,MANUEL A. ROXAS,0.00980392156862745,0.007952402629640629,0.01408450704225352
2,MIDDLE QUEZON HILL SUBDIVISION(QUEZON HILL MIDDLE),0.012345679012345678,0.009828869988552548,0.0
2,MILITARY CUT-OFF,0.02217380779472283,0.01377961119491897,0.0
2,MINES VIEW PARK,0.012345679012345678,0.008672791212112984,0.0
2,"MODERN SITE, EAST",0.00980392156862745,0.010574239438031615,0.0
2,NEW LUCBAN,0.07407407407407407,0.016799016334701867,0.0
2,OUTLOOK DRIVE,0.011074800290486565,0.008822046518116175,0.01408450704225352
2,PACDAL,0.027112079399661097,0.02653261121259708,0.01563514900634392
2,PADRE BURGOS,0.023021060275962235,0.013396974482136328,0.018518518518518517
2,PADRE ZAMORA,0.011074800290486565,0.009479748898209388,0.010752688172043012
2,PHIL-AM,0.022222222222222223,0.008729968997454637,0.01408450704225352
2,PINGET,0.04072258533042847,0.02733545989821189,0.028429838288993217
2,PINSAO PILOT PROJECT,0.07734204793028322,0.02054996271933708,0.018518518518518517
2,PINSAO PROPER,0.03197772936335028,0.023791594339510405,0.025655005300620932
2,POLIWES,0.08611111111111111,0.020987859860269818,0.010752688172043012
2,QUEZON HILL PROPER,0.035548293391430646,0.016023916092710016,0.010752688172043012
2,"QUIRINO HILL, EAST",0.04814814814814815,0.01786910411246421,0.01408450704225352
2,"QUIRINO HILL, MIDDLE",0.03734567901234568,0.015778221252777672,0.0
2,"QUIRINO HILL, WEST",0.011074800290486565,0.009790653463739002,0.010752688172043012
2,"QUIRINO-MAGSAYSAY, UPPER",0.00980392156862745,0.007272411862977765,0.010752688172043012
2,"QUIRINO-MAGSAYSAY, UPPER (UPPER QM)",0.012345679012345678,0.013363076673440883,0.01408450704225352
2,"ROCK QUARRY, LOWER",0.022222222222222223,0.00928472653229539,0.01408450704225352
2,SALUD MITRA,0.05,0.011555745119006058,0.027044945900011778
2,SAN ANTONIO VILLAGE,0.00980392156862745,0.01037915043592873,0.021505376344086023
2,SAN LUIS VILLAGE,0.05676591624304042,0.03344280323277152,0.01408450704225352
2,SAN ROQUE VILLAGE,0.00980392156862745,0.008265504355880261,0.021505376344086023
2,SAN VICENTE,0.018058581457274268,0.02513116566646087,0.04556346441853029
2,"SANITARY CAMP, NORTH",0.03480392156862745,0.012820823762075342,0.010752688172043012
2,SANTO TOMAS PROPER,0.03284918905833938,0.027053400941966448,0.029527223075610173
2,SLAUGHTER HOUSE AREA,0.00980392156862745,0.011687469484825859,0.0
2,SLAUGHTER HOUSE AREA (SANTO NIÑO SLAUGHTER),0.024691358024691357,0.010706438184491117,0.0
2,TEODORA ALONZO,0.024691358024691357,0.011193978931398485,0.010752688172043012
2,TRANCOVILLE,0.0196078431372549,0.014994565099996733,0.02816901408450704
2,VICTORIA VILLAGE,0.012345679012345678,0.011696588703199461,0.010752688172043012
3,A. BONIFACIO-CAGUIOA-RIMANDO,0.014084507042253521,0.015224856367173814,0.0
3,A. BONIFACIO-CAGUIOA-RIMANDO (ABCR),0.01639344262295082,0.0111141747055262,0.0
3,ALFONSO TABORA,0.01639344262295082,0.008577975256185956,0.0
3,ASIN ROAD,0.038528110881309245,0.040495139629523946,0.04824742961953321
3,"AURORA HILL, SOUTH CENTRAL",0.02631578947368421,0.009066887485257386,0.018518518518518517
3,BAKAKENG CENTRAL,0.09518477043673013,0.05252287905817909,0.07683376243121813
3,BAKAKENG NORTH,0.017251515136628398,0.031713512950439615,0.04225352112676056
3,BALSIGAN,0.02055896408687286,0.018198826328624757,0.03046174297878069
3,BAYAN PARK WEST,0.014084507042253521,0.011555436430478272,0.010752688172043012
3,BAYAN PARK WEST (BAYAN PARK),0.02127659574468085,0.00993644901403988,0.0
3,BGH COMPOUND,0.01523897483260217,0.014700542507853678,0.019371906468680665
3,BROOKSPOINT,0.02379619260918253,0.013107881526982536,0.0
3,CABINET HILL-TEACHER'S CAMP,0.027242401779095628,0.013405186762074112,0.018518518518518517
3,CAMP 7,0.08489515609619755,0.05260247531961397,0.07195130159691723
3,CAMP 8,0.09589001278921055,0.027513281058517875,0.010752688172043012
3,CAMP ALLEN,0.03278688524590164,0.015977416085353455,0.016855764214919144
3,CITY CAMP CENTRAL,0.03278688524590164,0.01160167449829462,0.018518518518518517
3,CITY CAMP PROPER,0.021328609280438626,0.014197824667003879,0.010752688172043012
3,COUNTRY CLUB VILLAGE,0.014084507042253521,0.008297450569648713,0.0
3,"DAGSIAN, LOWER",0.014084507042253521,0.00881987436441062,0.016299709848096946
3,DIZON SUBDIVISION,0.02127659574468085,0.0076907271097594165,0.0
3,DOMINICAN HILL-MIRADOR,0.029323481874855693,0.015020287210642485,0.01705285476298652
3,DONTOGAN,0.01523897483260217,0.014648554964830397,0.01408450704225352
3,FAIRVIEW VILLAGE,0.04040029651593773,0.022199649377479237,0.029804634257155835
3,FORT DEL PILAR,0.02631578947368421,0.012595409442947061,0.0
3,GABRIELA SILANG,0.021354616048317517,0.01842431555907383,0.018518518518518517
3,"GENERAL EMILIO F. AGUINALDO (QUIRINO-MAGSAYSAY, LOWER)",0.25,0.02957987240482632,0.0
3,GIBRALTAR,0.027410831691696513,0.0256567382028497,0.010752688172043012
3,GUISAD CENTRAL,0.017251515136628398,0.015045579087301749,0.01408450704225352
3,HAPPY HOLLOW,0.017680551393467185,0.010499862392302568,0.018518518518518517
3,HAPPY HOMES (HAPPY HOMES-LUCBAN),0.03278688524590164,0.014811403474952915,0.0
3,HILLSIDE,0.03451251078515962,0.010484824861130263,0.0
3,HOLY GHOST EXTENSION,0.028169014084507043,0.013546610934805506,0.012751779494169318
3,HOLY GHOST PROPER,0.014084507042253521,0.009430139713221332,0.010752688172043012
3,HONEYMOON (HONEYMOON-HOLY GHOST),0.02127659574468085,0.008947342390148848,0.0
3,IMELDA VILLAGE,0.014084507042253521,0.010702149333658014,0.018518518518518517
3,IRISAN,0.07767082826664612,0.08043941817927641,0.06322546990425228
3,KABAYANIHAN,0.014084507042253521,0.0053185830734311206,0.0
3,KAYANG-HILLTOP,0.028169014084507043,0.02043479107724134,0.0
3,KIAS,0.021328609280438626,0.03100431958926556,0.024085853231696028
3,LEGARDA-BURNHAM-KISAD,0.02631578947368421,0.011080265765694961,0.0
3,LIWANAG-LOAKAN,0.028169014084507043,0.019213489096757252,0.03225806451612903
3,LOAKAN PROPER,0.029323481874855693,0.03835140492788289,0.046248338297406905
3,LOPEZ JAENA,0.020200148257968866,0.010017775798486228,0.018518518518518517
3,LUALHATI,0.028169014084507043,0.007125871831034546,0.010752688172043012
3,LUCNAB,0.03451251078515962,0.013416006879613617,0.010752688172043012
3,MAGSAYSAY PRIVATE ROAD,0.028169014084507043,0.008378518994245644,0.0
3,"MARKET SUBDIVISION, UPPER",0.02127659574468085,0.007239918360144109,0.0
3,MILITARY CUT-OFF,0.06382978723404255,0.01377961119491897,0.0
3,NEW LUCBAN,0.014084507042253521,0.016799016334701867,0.0
3,OUTLOOK DRIVE,0.014084507042253521,0.008822046518116175,0.01408450704225352
3,PACDAL,0.05993407252022775,0.02653261121259708,0.01563514900634392
3,PADRE BURGOS,0.028169014084507043,0.013396974482136328,0.018518518518518517
3,PADRE ZAMORA,0.017251515136628398,0.009479748898209388,0.010752688172043012
3,PALMA-URBANO (CARIÑO-PALMA),0.02631578947368421,0.00659604693468587,0.0
3,PHIL-AM,0.017251515136628398,0.008729968997454637,0.01408450704225352
3,PINGET,0.10365196644346956,0.02733545989821189,0.028429838288993217
3,PINSAO PILOT PROJECT,0.029860208128263396,0.02054996271933708,0.018518518518518517
3,PINSAO PROPER,0.04248997371226422,0.023791594339510405,0.025655005300620932
3,PUCSUSAN,0.02631578947368421,0.008578282483622038,0.0
3,"QUEZON HILL, UPPER",0.02127659574468085,0.011735370125343241,0.02120248371952143
3,"QUIRINO HILL, EAST",0.035513006443559196,0.01786910411246421,0.01408450704225352
3,"QUIRINO HILL, LOWER",0.02631578947368421,0.010558985770057558,0.0
3,"QUIRINO HILL, MIDDLE",0.017680551393467185,0.015778221252777672,0.0
3,"QUIRINO-MAGSAYSAY, UPPER (UPPER QM)",0.01639344262295082,0.013363076673440883,0.01408450704225352
3,RIZAL MONUMENT AREA,0.014084507042253521,0.005375387644831194,0.0
3,"ROCK QUARRY, LOWER",0.01639344262295082,0.00928472653229539,0.01408450704225352
3,"ROCK QUARRY, MIDDLE",0.02379619260918253,0.01129511777559753,0.018518518518518517
3,SAINT JOSEPH VILLAGE,0.02055896408687286,0.015041961280941383,0.01778568664075252
3,SAN LUIS VILLAGE,0.05399108435423364,0.03344280323277152,0.01408450704225352
3,SAN VICENTE,0.03533379244866885,0.02513116566646087,0.04556346441853029
3,SANTA ESCOLASTICA,0.028169014084507043,0.010866754308852098,0.0
3,SANTO ROSARIO,0.027031740495291244,0.01099202252269211,0.018518518518518517
3,SANTO TOMAS PROPER,0.02842080786199891,0.027053400941966448,0.029527223075610173
3,SCOUT BARRIO,0.02631578947368421,0.007812303310760456,0.0
3,SLAUGHTER HOUSE AREA,0.014084507042253521,0.011687469484825859,0.0
3,TRANCOVILLE,0.04918032786885246,0.014994565099996733,0.02816901408450704
3,VICTORIA VILLAGE,0.017251515136628398,0.011696588703199461,0.010752688172043012
4,A. BONIFACIO-CAGUIOA-RIMANDO,0.01818181818181818,0.015224856367173814,0.0
4,A. BONIFACIO-CAGUIOA-RIMANDO (ABCR),0.021116138763197588,0.0111141747055262,0.0
4,AMBIONG,0.014705882352941176,0.013373799536951175,0.03810389217022565
4,ANDRES BONIFACIO,0.01818181818181818,0.00964281864485028,0.0
4,APUGAN-LOAKAN,0.030376940133037694,0.013925302344019978,0.016299709848096946
4,ASIN ROAD,0.041696916187590506,0.040495139629523946,0.04824742961953321
4,ATOK TRAIL,0.01282051282051282,0.009915076372016602,0.018518518518518517
4,"AURORA HILL, NORTH CENTRAL",0.01282051282051282,0.0070440500353404975,0.0
4,"AURORA HILL, SOUTH CENTRAL",0.01818181818181818,0.009066887485257386,0.018518518518518517
4,BAKAKENG CENTRAL,0.06975394882496748,0.05252287905817909,0.07683376243121813
4,BAKAKENG NORTH,0.030503774083401054,0.031713512950439615,0.04225352112676056
4,BALSIGAN,0.0975609756097561,0.018198826328624757,0.03046174297878069
4,BAYAN PARK EAST,0.05128205128205128,0.008733808240538508,0.016855764214919144
4,BAYAN PARK WEST,0.01818181818181818,0.011555436430478272,0.010752688172043012
4,BGH COMPOUND,0.029411764705882353,0.014700542507853678,0.019371906468680665
4,BROOKSIDE,0.014705882352941176,0.010710221091892265,0.010752688172043012
4,BROOKSPOINT,0.02564102564102564,0.013107881526982536,0.0
4,CABINET HILL-TEACHER'S CAMP,0.0155011655011655,0.013405186762074112,0.018518518518518517
4,CAMDAS SUBDIVISION,0.016443850267379677,0.010891636723397727,0.018518518518518517
4,CAMP 7,0.03309948062458823,0.05260247531961397,0.07195130159691723
4,CAMP 8,0.036805841217605925,0.027513281058517875,0.010752688172043012
4,CAMP ALLEN,0.16666666666666666,0.015977416085353455,0.016855764214919144
4,CAMPO FILIPINO,0.01818181818181818,0.012225925774298428,0.018518518518518517
4,CITY CAMP PROPER,0.05075757575757575,0.014197824667003879,0.010752688172043012
4,COUNTRY CLUB VILLAGE,0.014705882352941176,0.008297450569648713,0.0
4,CRESENCIA VILLAGE,0.01282051282051282,0.01393283911563931,0.0
4,DOMINICAN HILL-MIRADOR,0.014705882352941176,0.015020287210642485,0.01705285476298652
4,DONTOGAN,0.01282051282051282,0.014648554964830397,0.01408450704225352
4,DPS AREA,0.02690100430416069,0.009108315198818107,0.0
4,ENGINEERS' HILL,0.01818181818181818,0.01331129875644272,0.037037037037037035
4,FAIRVIEW VILLAGE,0.039467849223946784,0.022199649377479237,0.029804634257155835
4,FERDINAND,0.01818181818181818,0.0108702922963161,0.016299709848096946
4,FERDINAND (HAPPY HOMES-CAMPO SIOCO),0.030800500312695434,0.010982570777634908,0.0
4,FORT DEL PILAR,0.013763197586726998,0.012595409442947061,0.0
4,GABRIELA SILANG,0.04807692307692307,0.01842431555907383,0.018518518518518517
4,GIBRALTAR,0.023934870724684212,0.0256567382028497,0.010752688172043012
4,GREENWATER VILLAGE,0.021286031042128603,0.009009889610666877,0.0
4,GUISAD CENTRAL,0.020138031902737785,0.015045579087301749,0.01408450704225352
4,HAPPY HOLLOW,0.01818181818181818,0.010499862392302568,0.018518518518518517
4,HAPPY HOMES,0.01818181818181818,0.010513918973961787,0.03225806451612903
4,HILLSIDE,0.014705882352941176,0.010484824861130263,0.0
4,HOLY GHOST EXTENSION,0.01818181818181818,0.013546610934805506,0.012751779494169318
4,HOLY GHOST PROPER,0.01846419163492334,0.009430139713221332,0.010752688172043012
4,IRISAN,0.08908563340055449,0.08043941817927641,0.06322546990425228
4,KAYANG EXTENSION,0.0195480631276901,0.009188434562808151,0.0
4,KAYANG-HILLTOP,0.05075757575757575,0.02043479107724134,0.0
4,KIAS,0.05773635260005418,0.03100431958926556,0.024085853231696028
4,LEGARDA-BURNHAM-KISAD,0.014705882352941176,0.011080265765694961,0.0
4,LIWANAG-LOAKAN,0.08333333333333333,0.019213489096757252,0.03225806451612903
4,LOAKAN PROPER,0.0318441004237274,0.03835140492788289,0.046248338297406905
4,LUCNAB,0.020173453996983406,0.013416006879613617,0.010752688172043012
4,"MAGSAYSAY, UPPER",0.0155011655011655,0.0072956471877073355,0.0
4,"MARKET SUBDIVISION, UPPER",0.014705882352941176,0.007239918360144109,0.0
4,MIDDLE QUEZON HILL SUBDIVISION(QUEZON HILL MIDDLE),0.02564102564102564,0.009828869988552548,0.0
4,MILITARY CUT-OFF,0.01818181818181818,0.01377961119491897,0.0
4,MINES VIEW PARK,0.01282051282051282,0.008672791212112984,0.0
4,"MODERN SITE, EAST",0.01818181818181818,0.010574239438031615,0.0
4,MRR-QUEEN OF PEACE,0.024390243902439025,0.00957218819327287,0.018518518518518517
4,NEW LUCBAN,0.023994608930046523,0.016799016334701867,0.0
4,OUTLOOK DRIVE,0.024390243902439025,0.008822046518116175,0.01408450704225352
4,PADRE BURGOS,0.02564102564102564,0.013396974482136328,0.018518518518518517
4,PHIL-AM,0.01282051282051282,0.008729968997454637,0.01408450704225352
4,PINGET,0.03462566844919786,0.02733545989821189,0.028429838288993217
4,PINSAO PILOT PROJECT,0.014705882352941176,0.02054996271933708,0.018518518518518517
4,PINSAO PROPER,0.02729864587827285,0.023791594339510405,0.025655005300620932
4,PUCSUSAN,0.01818181818181818,0.008578282483622038,0.0
4,QUEZON HILL PROPER,0.06372549019607843,0.016023916092710016,0.010752688172043012
4,"QUEZON HILL, UPPER",0.05454545454545454,0.011735370125343241,0.02120248371952143
4,"QUIRINO HILL, EAST",0.038461538461538464,0.01786910411246421,0.01408450704225352
4,"QUIRINO HILL, LOWER",0.029411764705882353,0.010558985770057558,0.0
4,"QUIRINO HILL, MIDDLE",0.04114219114219114,0.015778221252777672,0.0
4,"QUIRINO HILL, WEST",0.016443850267379677,0.009790653463739002,0.010752688172043012
4,"ROCK QUARRY, LOWER",0.024390243902439025,0.00928472653229539,0.01408450704225352
4,"ROCK QUARRY, MIDDLE",0.01282051282051282,0.01129511777559753,0.018518518518518517
4,SAINT JOSEPH VILLAGE,0.014705882352941176,0.015041961280941383,0.01778568664075252
4,SALUD MITRA,0.01818181818181818,0.011555745119006058,0.027044945900011778
4,SAMOKI,0.01818181818181818,0.01818181818181818,0.0
4,SAN LUIS VILLAGE,0.056441525953721074,0.03344280323277152,0.01408450704225352
4,SAN ROQUE VILLAGE,0.029411764705882353,0.008265504355880261,0.021505376344086023
4,SAN VICENTE,0.04759358288770053,0.02513116566646087,0.04556346441853029
4,"SANITARY CAMP, NORTH",0.03721075672295185,0.012820823762075342,0.010752688172043012
4,SANTA ESCOLASTICA,0.016443850267379677,0.010866754308852098,0.0
4,SANTO ROSARIO,0.014705882352941176,0.01099202252269211,0.018518518518518517
4,SANTO TOMAS PROPER,0.03721075672295185,0.027053400941966448,0.029527223075610173
4,SANTO TOMAS SCHOOL AREA,0.014705882352941176,0.005643079568256218,0.0
4,SCOUT BARRIO,0.01282051282051282,0.007812303310760456,0.0
4,SLU-SVP HOUSING VILLAGE,0.024390243902439025,0.01207274182586254,0.0
4,TEODORA ALONZO,0.01282051282051282,0.011193978931398485,0.010752688172043012
4,TRANCOVILLE,0.013763197586726998,0.014994565099996733,0.02816901408450704
4,VICTORIA VILLAGE,0.014705882352941176,0.011696588703199461,0.010752688172043012
5,A. BONIFACIO-CAGUIOA-RIMANDO,0.021739130434782608,0.015224856367173814,0.0
5,A. BONIFACIO-CAGUIOA-RIMANDO (ABCR),0.010526315789473684,0.0111141747055262,0.0
5,ALFONSO TABORA,0.010526315789473684,0.008577975256185956,0.0
5,AMBIONG,0.012738705170004657,0.013373799536951175,0.03810389217022565
5,ANDRES BONIFACIO (LOWER BOKAWKAN),0.004424778761061947,0.011568883890780302,0.0
5,APUGAN-LOAKAN,0.031746031746031744,0.013925302344019978,0.016299709848096946
5,ASIN ROAD,0.03882432906014699,0.040495139629523946,0.04824742961953321
5,ATOK TRAIL,0.007475547275267815,0.009915076372016602,0.018518518518518517
5,"AURORA HILL, SOUTH CENTRAL",0.007462686567164179,0.009066887485257386,0.018518518518518517
5,BAKAKENG CENTRAL,0.05402529292263908,0.05252287905817909,0.07683376243121813
5,BAKAKENG NORTH,0.018905009187875247,0.031713512950439615,0.04225352112676056
5,BAL-MARCOVILLE,0.004424778761061947,0.004900068836108636,0.0
5,BALSIGAN,0.018217835308582942,0.018198826328624757,0.03046174297878069
5,BAYAN PARK EAST,0.015873015873015872,0.008733808240538508,0.016855764214919144
5,BAYAN PARK VILLAGE,0.007462686567164179,0.005244522277322366,0.0
5,BAYAN PARK WEST (BAYAN PARK),0.008994501178318931,0.00993644901403988,0.0
5,BGH COMPOUND,0.015738846924930643,0.014700542507853678,0.019371906468680665
5,BROOKSIDE,0.010421112879941234,0.010710221091892265,0.010752688172043012
5,BROOKSPOINT,0.020749883558453655,0.013107881526982536,0.0
5,CABINET HILL-TEACHER'S CAMP,0.017163483931066606,0.013405186762074112,0.018518518518518517
5,CAMP 7,0.04002051697096047,0.05260247531961397,0.07195130159691723
5,CAMP 8,0.022193374972445536,0.027513281058517875,0.010752688172043012
5,CAMP ALLEN,0.011667851220090026,0.015977416085353455,0.016855764214919144
5,CITY CAMP CENTRAL,0.025470473718364698,0.01160167449829462,0.018518518518518517
5,CITY CAMP PROPER,0.013406419231277241,0.014197824667003879,0.010752688172043012
5,COUNTRY CLUB VILLAGE,0.018442718869555345,0.008297450569648713,0.0
5,CRESENCIA VILLAGE,0.025470473718364698,0.01393283911563931,0.0
5,"DAGSIAN, LOWER",0.005943732664113063,0.00881987436441062,0.016299709848096946
5,DIZON SUBDIVISION,0.009675075947695153,0.0076907271097594165,0.0
5,DOMINICAN HILL-MIRADOR,0.021907793105511907,0.015020287210642485,0.01705285476298652
5,DONTOGAN,0.014600908500973394,0.014648554964830397,0.01408450704225352
5,ENGINEERS' HILL,0.016132723112128145,0.01331129875644272,0.037037037037037035
5,FAIRVIEW VILLAGE,0.020214252445272474,0.022199649377479237,0.029804634257155835
5,FERDINAND (HAPPY HOMES-CAMPO SIOCO),0.008994501178318931,0.010982570777634908,0.0
5,FORT DEL PILAR,0.015730273119528217,0.012595409442947061,0.0
5,GABRIELA SILANG,0.03338552235372482,0.01842431555907383,0.018518518518518517
5,"GENERAL LUNA, LOWER",0.010526315789473684,0.0038054685982949706,0.0
5,GIBRALTAR,0.03220087065935989,0.0256567382028497,0.010752688172043012
5,GUISAD CENTRAL,0.011208865254336245,0.015045579087301749,0.01408450704225352
5,HAPPY HOLLOW,0.004424778761061947,0.010499862392302568,0.018518518518518517
5,HAPPY HOMES (HAPPY HOMES-LUCBAN),0.008849557522123894,0.014811403474952915,0.0
5,HOLY GHOST EXTENSION,0.01324271093047349,0.013546610934805506,0.012751779494169318
5,HONEYMOON,0.043478260869565216,0.011782810540811135,0.0
5,HONEYMOON (HONEYMOON-HOLY GHOST),0.01014889731703891,0.008947342390148848,0.0
5,IMELDA R. MARCOS,0.021739130434782608,0.007710869303299596,0.010752688172043012
5,IMELDA R. MARCOS (LA SALLE),0.007462686567164179,0.0063248484089374925,0.0
5,IMELDA VILLAGE,0.008849557522123894,0.010702149333658014,0.018518518518518517
5,IRISAN,0.0819715541085202,0.08043941817927641,0.06322546990425228
5,KAYANG EXTENSION,0.014600908500973394,0.009188434562808151,0.0
5,KAYANG-HILLTOP,0.015873015873015872,0.02043479107724134,0.0
5,KIAS,0.04235724888668026,0.03100431958926556,0.024085853231696028
5,LEGARDA-BURNHAM-KISAD,0.011667851220090026,0.011080265765694961,0.0
5,LIWANAG-LOAKAN,0.03814433697626429,0.019213489096757252,0.03225806451612903
5,LOAKAN PROPER,0.06458150505484862,0.03835140492788289,0.046248338297406905
5,LOPEZ JAENA,0.008849557522123894,0.010017775798486228,0.018518518518518517
5,LOURDES SUBDIVISION EXTENSION,0.02193151212004617,0.009976885449244199,0.02816901408450704
5,LUALHATI,0.010526315789473684,0.007125871831034546,0.010752688172043012
5,LUCNAB,0.0201885310290652,0.013416006879613617,0.010752688172043012
5,MAGSAYSAY PRIVATE ROAD,0.012738705170004657,0.008378518994245644,0.0
5,"MAGSAYSAY, LOWER",0.004424778761061947,0.007952753823419144,0.0
5,MANUEL A. ROXAS,0.026742581090407176,0.007952402629640629,0.01408450704225352
5,"MARKET SUBDIVISION, UPPER",0.010526315789473684,0.007239918360144109,0.0
5,MIDDLE QUEZON HILL SUBDIVISION(QUEZON HILL MIDDLE),0.017699115044247787,0.009828869988552548,0.0
5,MILITARY CUT-OFF,0.007471260372566603,0.01377961119491897,0.0
5,MINES VIEW PARK,0.008849557522123894,0.008672791212112984,0.0
5,"MODERN SITE, EAST",0.015873015873015872,0.010574239438031615,0.0
5,"MODERNSITE, WEST",0.007462686567164179,0.007462686567164179,0.0
5,MRR-QUEEN OF PEACE,0.010526315789473684,0.00957218819327287,0.018518518518518517
5,NEW LUCBAN,0.007475547275267815,0.016799016334701867,0.0
5,OUTLOOK DRIVE,0.007471260372566603,0.008822046518116175,0.01408450704225352
5,PACDAL,0.03162042604861116,0.02653261121259708,0.01563514900634392
5,PADRE BURGOS,0.02990218910107126,0.013396974482136328,0.018518518518518517
5,PADRE ZAMORA,0.01223007499510608,0.009479748898209388,0.010752688172043012
5,PHIL-AM,0.015873015873015872,0.008729968997454637,0.01408450704225352
5,PINGET,0.022842363081818584,0.02733545989821189,0.028429838288993217
5,PINSAO PILOT PROJECT,0.017883799447105414,0.02054996271933708,0.018518518518518517
5,PINSAO PROPER,0.011287339409884578,0.023791594339510405,0.025655005300620932
5,POLIWES,0.0412511377947356,0.020987859860269818,0.010752688172043012
5,PUCSUSAN,0.004424778761061947,0.008578282483622038,0.0
5,QUEZON HILL PROPER,0.02171702609522824,0.016023916092710016,0.010752688172043012
5,"QUEZON HILL, UPPER",0.004424778761061947,0.011735370125343241,0.02120248371952143
5,"QUIRINO HILL, EAST",0.01700567956676793,0.01786910411246421,0.01408450704225352
5,"QUIRINO HILL, LOWER",0.008156122044644037,0.010558985770057558,0.0
5,"QUIRINO HILL, MIDDLE",0.022389510738056784,0.015778221252777672,0.0
5,"QUIRINO HILL, WEST",0.022510184014608792,0.009790653463739002,0.010752688172043012
5,"QUIRINO-MAGSAYSAY, UPPER (UPPER QM)",0.031746031746031744,0.013363076673440883,0.01408450704225352
5,"ROCK QUARRY, MIDDLE",0.021739130434782608,0.01129511777559753,0.018518518518518517
5,"ROCK QUARRY, UPPER",0.007462686567164179,0.01051003456099933,0.04225352112676056
5,SAINT JOSEPH VILLAGE,0.007462686567164179,0.015041961280941383,0.01778568664075252
5,SALUD MITRA,0.015405624857723933,0.011555745119006058,0.027044945900011778
5,SAN ANTONIO VILLAGE,0.027735464553661895,0.01037915043592873,0.021505376344086023
5,SAN LUIS VILLAGE,0.026369174377850142,0.03344280323277152,0.01408450704225352
5,SAN ROQUE VILLAGE,0.007462686567164179,0.008265504355880261,0.021505376344086023
5,SAN VICENTE,0.019130537787254202,0.02513116566646087,0.04556346441853029
5,"SANITARY CAMP, SOUTH",0.007462686567164179,0.008680343454863805,0.01408450704225352
5,SANTA ESCOLASTICA,0.010526315789473684,0.010866754308852098,0.0
5,SANTO ROSARIO,0.02395151981531358,0.01099202252269211,0.018518518518518517
5,SANTO TOMAS PROPER,0.03089473975425337,0.027053400941966448,0.029527223075610173
5,SCOUT BARRIO,0.007475547275267815,0.007812303310760456,0.0
5,SLAUGHTER HOUSE AREA (SANTO NIÑO SLAUGHTER),0.009675075947695153,0.010706438184491117,0.0
5,SLU-SVP HOUSING VILLAGE,0.02460044908202351,0.01207274182586254,0.0
5,TEODORA ALONZO,0.015873015873015872,0.011193978931398485,0.010752688172043012
5,TRANCOVILLE,0.017283673528763865,0.014994565099996733,0.02816901408450704
5,VICTORIA VILLAGE,0.020599187250328378,0.011696588703199461,0.010752688172043012
6,A. BONIFACIO-CAGUIOA-RIMANDO (ABCR),0.008653641757010068,0.0111141747055262,0.0
6,ABANAO-ZANDUETA-KAYONG-CHUGUM-OTEK,0.0009082652134423251,0.0022048934577819303,0.0
6,ALFONSO TABORA,0.0018107922892545995,0.008577975256185956,0.0
6,AMBIONG,0.009470608569164589,0.013373799536951175,0.03810389217022565
6,ANDRES BONIFACIO (LOWER BOKAWKAN),0.00503813227287766,0.011568883890780302,0.0
6,APUGAN-LOAKAN,0.018784592271944196,0.013925302344019978,0.016299709848096946
6,ASIN ROAD,0.040009921466143586,0.040495139629523946,0.04824742961953321
6,ATOK TRAIL,0.003974302485643618,0.009915076372016602,0.018518518518518517
6,AURORA HILL PROPER (MALVAR-SGT. FLORESCA),0.011395501816356015,0.016451128900714637,0.0
6,"AURORA HILL, NORTH CENTRAL",0.003741319220979738,0.0070440500353404975,0.0
6,"AURORA HILL, SOUTH CENTRAL",0.007490738567795197,0.009066887485257386,0.018518518518518517
6,BAKAKENG CENTRAL,0.05068704937424058,0.05252287905817909,0.07683376243121813
6,BAKAKENG NORTH,0.03815891710457984,0.031713512950439615,0.04225352112676056
6,BAL-MARCOVILLE (MARCOVILLE),0.0027190575026969244,0.0029178821803801866,0.0
6,BALSIGAN,0.007403053778543447,0.018198826328624757,0.03046174297878069
6,BAYAN PARK EAST,0.0031731901094180876,0.008733808240538508,0.016855764214919144
6,BAYAN PARK VILLAGE,0.006856820740736577,0.005244522277322366,0.0
6,BAYAN PARK WEST (BAYAN PARK),0.005000140334797416,0.00993644901403988,0.0
6,BGH COMPOUND,0.01087311696661493,0.014700542507853678,0.019371906468680665
6,BROOKSIDE,0.009256409427615004,0.010710221091892265,0.010752688172043012
6,BROOKSPOINT,0.008742694856215826,0.013107881526982536,0.0
6,CABINET HILL-TEACHER'S CAMP,0.004442165002699773,0.013405186762074112,0.018518518518518517
6,CAMDAS SUBDIVISION,0.006513915690534625,0.010891636723397727,0.018518518518518517
6,CAMP 7,0.04125315489462221,0.05260247531961397,0.07195130159691723
6,CAMP 8,0.017047048142375072,0.027513281058517875,0.010752688172043012
6,CAMP ALLEN,0.005438115005393849,0.015977416085353455,0.016855764214919144
6,CAMPO FILIPINO,0.005782225706083192,0.012225925774298428,0.018518518518518517
6,CITY CAMP CENTRAL,0.004529849791951524,0.01160167449829462,0.018518518518518517
6,CITY CAMP PROPER,0.0073058636237171015,0.014197824667003879,0.010752688172043012
6,COUNTRY CLUB VILLAGE,0.0047296183735004126,0.008297450569648713,0.0
6,CRESENCIA VILLAGE,0.008828129349818803,0.01393283911563931,0.0
6,"DAGSIAN, LOWER",0.0009082652134423251,0.00881987436441062,0.016299709848096946
6,DIZON SUBDIVISION,0.005372550927728039,0.0076907271097594165,0.0
6,DOMINICAN HILL-MIRADOR,0.011381842937171812,0.015020287210642485,0.01705285476298652
6,DONTOGAN,0.015655885590851997,0.014648554964830397,0.01408450704225352
6,DPS AREA,0.0018107922892545995,0.009108315198818107,0.0
6,ENGINEERS' HILL,0.009058391694376137,0.01331129875644272,0.037037037037037035
6,FAIRVIEW VILLAGE,0.016102777971540624,0.022199649377479237,0.029804634257155835
6,FERDINAND (HAPPY HOMES-CAMPO SIOCO),0.0031617138341579858,0.010982570777634908,0.0
6,FORT DEL PILAR,0.004876829561455892,0.012595409442947061,0.0
6,GABRIELA SILANG,0.017923803671556954,0.01842431555907383,0.018518518518518517
6,"GENERAL EMILIO F. AGUINALDO (QUIRINO-MAGSAYSAY, LOWER)",0.0036101083032490976,0.02957987240482632,0.0
6,"GENERAL LUNA, LOWER",0.001356659682533437,0.0038054685982949706,0.0
6,"GENERAL LUNA, UPPER",0.001356659682533437,0.007661001292752662,0.012751779494169318
6,GIBRALTAR,0.03000519247055749,0.0256567382028497,0.010752688172043012
6,GREENWATER VILLAGE,0.004482314981754283,0.009009889610666877,0.0
6,GUISAD CENTRAL,0.00934802554847878,0.015045579087301749,0.01408450704225352
6,GUISAD SORONG,0.004430688727439672,0.012834062514595018,0.07042253521126761
6,HAPPY HOLLOW,0.009171783376200187,0.010499862392302568,0.018518518518518517
6,HAPPY HOMES,0.009259259259259259,0.010513918973961787,0.03225806451612903
6,HAPPY HOMES (HAPPY HOMES-LUCBAN),0.0038806302645461002,0.014811403474952915,0.0
6,HILLSIDE,0.006669708867942302,0.010484824861130263,0.0
6,HOLY GHOST EXTENSION,0.0073135144738905025,0.013546610934805506,0.012751779494169318
6,HOLY GHOST PROPER,0.004284040746676157,0.009430139713221332,0.010752688172043012
6,HONEYMOON,0.009713391865980421,0.011782810540811135,0.0
6,HONEYMOON (HONEYMOON-HOLY GHOST),0.005555159402722611,0.008947342390148848,0.0
6,IMELDA R. MARCOS (LA SALLE),0.003530074364170748,0.0063248484089374925,0.0
6,IMELDA VILLAGE,0.02442224240589363,0.010702149333658014,0.018518518518518517
6,IRISAN,0.08253111673520025,0.08043941817927641,0.06322546990425228
6,KAYANG EXTENSION,0.0018107922892545995,0.009188434562808151,0.0
6,KAYANG-HILLTOP,0.002264924895975762,0.02043479107724134,0.0
6,KIAS,0.032721175948805116,0.03100431958926556,0.024085853231696028
6,LEGARDA-BURNHAM-KISAD,0.003615846440879148,0.011080265765694961,0.0
6,LIWANAG-LOAKAN,0.019908198228499405,0.019213489096757252,0.03225806451612903
6,LOAKAN PROPER,0.05285126102106545,0.03835140492788289,0.046248338297406905
6,LOPEZ JAENA,0.0072659796636932615,0.010017775798486228,0.018518518518518517
6,LOURDES SUBDIVISION EXTENSION,0.007266121707538601,0.009976885449244199,0.02816901408450704
6,"LOURDES SUBDIVISION, LOWER",0.0018165304268846503,0.004487591143057561,0.01408450704225352
6,"LOURDES SUBDIVISION, PROPER",0.0009082652134423251,0.005727180185290716,0.010752688172043012
6,LUALHATI,0.003932713726092634,0.007125871831034546,0.010752688172043012
6,LUCNAB,0.01980724600309438,0.013416006879613617,0.010752688172043012
6,MAGSAYSAY PRIVATE ROAD,0.0023228795046676813,0.008378518994245644,0.0
6,"MAGSAYSAY, LOWER",0.004434514152526372,0.007952753823419144,0.0
6,"MAGSAYSAY, UPPER",0.005366812790097988,0.0072956471877073355,0.0
6,MANUEL A. ROXAS,0.003932713726092634,0.007952402629640629,0.01408450704225352
6,MANUEL ROXAS,0.0009082652134423251,0.0006275029257225496,0.0
6,MARCOS HIGHWAY,0.0009082652134423251,0.0009082652134423251,0.0
6,"MARKET SUBDIVISION, UPPER",0.006900292663235443,0.007239918360144109,0.0
6,MATICMATIC,0.009259259259259259,0.009259259259259259,0.0
6,MIDDLE QUEZON HILL SUBDIVISION,0.009259259259259259,0.008068844792422614,0.0
6,MIDDLE QUEZON HILL SUBDIVISION(QUEZON HILL MIDDLE),0.00569716069143075,0.009828869988552548,0.0
6,MILITARY CUT-OFF,0.00851063829787234,0.01377961119491897,0.0
6,MINES VIEW PARK,0.008611305114811936,0.008672791212112984,0.0
6,"MODERN SITE, EAST",0.013459152378355146,0.010574239438031615,0.0
6,"MODERN SITE, WEST",0.012454828299225076,0.005726255397236057,0.0
6,MRR-QUEEN OF PEACE,0.010609008669055522,0.00957218819327287,0.018518518518518517
6,NEW LUCBAN,0.01666966877960248,0.016799016334701867,0.0
6,OUTLOOK DRIVE,0.00794147594710629,0.008822046518116175,0.01408450704225352
6,PACDAL,0.018187894386086197,0.02653261121259708,0.01563514900634392
6,PADRE BURGOS,0.008876679155226145,0.013396974482136328,0.018518518518518517
6,PADRE ZAMORA,0.009082652134423252,0.009479748898209388,0.010752688172043012
6,PALMA-URBANO (CARIÑO-PALMA),0.0023228795046676813,0.00659604693468587,0.0
6,PHIL-AM,0.006365365300424337,0.008729968997454637,0.01408450704225352
6,PINGET,0.02135141646100425,0.02733545989821189,0.028429838288993217
6,PINGIT,0.009259259259259259,0.009259259259259259,0.0
6,PINSAO PILOT PROJECT,0.010656520270068212,0.02054996271933708,0.018518518518518517
6,PINSAO PROPER,0.015790985440210646,0.023791594339510405,0.025655005300620932
6,POLIWES,0.02092268646526854,0.020987859860269818,0.010752688172043012
6,PUCSUSAN,0.007865427452185268,0.008578282483622038,0.0
6,QUEZON HILL PROPER,0.011046232910043542,0.016023916092710016,0.010752688172043012
6,"QUEZON HILL, UPPER",0.005757906011120606,0.011735370125343241,0.02120248371952143
6,"QUIRINO HILL, EAST",0.0072546454322785,0.01786910411246421,0.01408450704225352
6,"QUIRINO HILL, LOWER",0.0076973017637395605,0.010558985770057558,0.0
6,"QUIRINO HILL, MIDDLE",0.012075590763485715,0.015778221252777672,0.0
6,"QUIRINO HILL, WEST",0.011214860360240629,0.009790653463739002,0.010752688172043012
6,"QUIRINO-MAGSAYSAY, UPPER",0.009259259259259259,0.007272411862977765,0.010752688172043012
6,"QUIRINO-MAGSAYSAY, UPPER (UPPER QM)",0.006236358312804355,0.013363076673440883,0.01408450704225352
6,"ROCK QUARRY, LOWER",0.009031008895752793,0.00928472653229539,0.01408450704225352
6,"ROCK QUARRY, MIDDLE",0.004596369683736928,0.01129511777559753,0.018518518518518517
6,"ROCK QUARRY, UPPER",0.006130683657851689,0.01051003456099933,0.04225352112676056
6,SAINT JOSEPH VILLAGE,0.016658968537140516,0.015041961280941383,0.01778568664075252
6,SALUD MITRA,0.007248463805017704,0.011555745119006058,0.027044945900011778
6,SAN ANTONIO VILLAGE,0.007337210857066453,0.01037915043592873,0.021505376344086023
6,SAN LUIS EXTENSION,0.0009082652134423251,0.000773196887789483,0.0
6,SAN LUIS VILLAGE,0.024812738280061662,0.03344280323277152,0.01408450704225352
6,SAN ROQUE VILLAGE,0.004876829561455892,0.008265504355880261,0.021505376344086023
6,SAN VICENTE,0.021084969137340797,0.02513116566646087,0.04556346441853029
6,"SANITARY CAMP, NORTH",0.0029283896469625647,0.012820823762075342,0.010752688172043012
6,"SANITARY CAMP, SOUTH",0.005537894843071954,0.008680343454863805,0.01408450704225352
6,SANTA ESCOLASTICA,0.004709451755657333,0.010866754308852098,0.0
6,SANTO ROSARIO,0.006711829756682319,0.01099202252269211,0.018518518518518517
6,SANTO TOMAS PROPER,0.021155522593779466,0.027053400941966448,0.029527223075610173
6,SANTO TOMAS SCHOOL AREA,0.006414754626022773,0.005643079568256218,0.0
6,SCOUT BARRIO,0.004697385263649974,0.007812303310760456,0.0
6,SLAUGHTER HOUSE AREA,0.018518518518518517,0.011687469484825859,0.0
6,SLAUGHTER HOUSE AREA (SANTO NIÑO SLAUGHTER),0.004518373516691423,0.010706438184491117,0.0
6,SLU-SVP HOUSING VILLAGE,0.021217993488033524,0.01207274182586254,0.0
6,TEODORA ALONZO,0.007643213961333852,0.011193978931398485,0.010752688172043012
6,TRANCOVILLE,0.004430688727439672,0.014994565099996733,0.02816901408450704
6,VICTORIA VILLAGE,0.014634679797954403,0.011696588703199461,0.010752688172043012
7,A. BONIFACIO-CAGUIOA-RIMANDO,0.014285714285714285,0.015224856367173814,0.0
7,A. BONIFACIO-CAGUIOA-RIMANDO (ABCR),0.006297678570812659,0.0111141747055262,0.0
7,ABANAO-ZANDUETA-KAYONG-CHUGUM-OTEK,0.0018878070847694372,0.0022048934577819303,0.0
7,ALFONSO TABORA,0.005878028997262496,0.008577975256185956,0.0
7,AMBIONG,0.004764532938197433,0.013373799536951175,0.03810389217022565
7,ANDRES BONIFACIO (LOWER BOKAWKAN),0.005242015613910575,0.011568883890780302,0.0
7,APUGAN-LOAKAN,0.009131259357843336,0.013925302344019978,0.016299709848096946
7,ASIN ROAD,0.035510901324251866,0.040495139629523946,0.04824742961953321
7,ATOK TRAIL,0.011538338556413834,0.009915076372016602,0.018518518518518517
7,AURORA HILL PROPER,0.007142857142857143,0.011880397445946352,0.021505376344086023
7,AURORA HILL PROPER (MALVAR-SGT. FLORESCA),0.009309460333524944,0.016451128900714637,0.0
7,"AURORA HILL, NORTH CENTRAL",0.0023991892153415804,0.0070440500353404975,0.0
7,"AURORA HILL, SOUTH CENTRAL",0.006474909220979645,0.009066887485257386,0.018518518518518517
7,BAKAKENG CENTRAL,0.037904370668405886,0.05252287905817909,0.07683376243121813
7,BAKAKENG NORTH,0.031887748313889075,0.031713512950439615,0.04225352112676056
7,BAL-MARCOVILLE,0.0037488593734157963,0.004900068836108636,0.0
7,BAL-MARCOVILLE (MARCOVILLE),0.001989571843491871,0.0029178821803801866,0.0
7,BALSIGAN,0.006856324572824069,0.018198826328624757,0.03046174297878069
7,BAYAN PARK EAST,0.004304195291929206,0.008733808240538508,0.016855764214919144
7,BAYAN PARK VILLAGE,0.003969130027018192,0.005244522277322366,0.0
7,BAYAN PARK WEST (BAYAN PARK),0.006580909624979062,0.00993644901403988,0.0
7,BGH COMPOUND,0.009501546870637975,0.014700542507853678,0.019371906468680665
7,BROOKSIDE,0.0050771736877523385,0.010710221091892265,0.010752688172043012
7,BROOKSPOINT,0.011644285411717985,0.013107881526982536,0.0
7,BURNHAM-LEGARDA-KISAD,0.0010645848119233499,0.0010645848119233499,0.0
7,CABINET HILL-TEACHER'S CAMP,0.0073359367028557705,0.013405186762074112,0.018518518518518517
7,CAMDAS SUBDIVISION,0.007170896541079817,0.010891636723397727,0.018518518518518517
7,CAMP 7,0.05260587325390033,0.05260247531961397,0.07195130159691723
7,CAMP 8,0.01390953030177911,0.027513281058517875,0.010752688172043012
7,CAMP ALLEN,0.008808462470643763,0.015977416085353455,0.016855764214919144
7,CAMPO FILIPINO,0.015589013332928501,0.012225925774298428,0.018518518518518517
7,CITY CAMP CENTRAL,0.007855321656719929,0.01160167449829462,0.018518518518518517
7,CITY CAMP PROPER,0.006700901428837756,0.014197824667003879,0.010752688172043012
7,COUNTRY CLUB VILLAGE,0.006891511772861752,0.008297450569648713,0.0
7,CRESENCIA VILLAGE,0.01054694814108748,0.01393283911563931,0.0
7,"DAGSIAN, LOWER",0.011941404460358244,0.00881987436441062,0.016299709848096946
7,"DAGSIAN, UPPER",0.0028847488760314053,0.005526063241343298,0.0
7,DIZON SUBDIVISION,0.002977814062934625,0.0076907271097594165,0.0
7,DOMINICAN HILL-MIRADOR,0.006523529470063754,0.015020287210642485,0.01705285476298652
7,DONTOGAN,0.013614597324302338,0.014648554964830397,0.01408450704225352
7,DPS AREA,0.006758301030287538,0.009108315198818107,0.0
7,ENGINEERS' HILL,0.005580822186423035,0.01331129875644272,0.037037037037037035
7,FAIRVIEW VILLAGE,0.015079415285615964,0.022199649377479237,0.029804634257155835
7,FERDINAND,0.007142857142857143,0.0108702922963161,0.016299709848096946
7,FERDINAND (HAPPY HOMES-CAMPO SIOCO),0.003856268501051536,0.010982570777634908,0.0
7,FORT DEL PILAR,0.006205013687549922,0.012595409442947061,0.0
7,GABRIELA SILANG,0.008809292118207343,0.01842431555907383,0.018518518518518517
7,"GENERAL EMILIO F. AGUINALDO (QUIRINO-MAGSAYSAY, LOWER)",0.0027664616747065888,0.02957987240482632,0.0
7,"GENERAL LUNA, LOWER",0.0011402508551881414,0.0038054685982949706,0.0
7,"GENERAL LUNA, UPPER",0.0013176816571753664,0.007661001292752662,0.012751779494169318
7,GIBRALTAR,0.024836407691896704,0.0256567382028497,0.010752688172043012
7,GREENWATER VILLAGE,0.004621985916289194,0.009009889610666877,0.0
7,GUISAD CENTRAL,0.009787597582907145,0.015045579087301749,0.01408450704225352
7,GUISAD SORONG,0.006524185299851634,0.012834062514595018,0.07042253521126761
7,GUISAD SURONG,0.00035486160397445,0.00035486160397445,0.0
7,HAPPY HOLLOW,0.008855154944318391,0.010499862392302568,0.018518518518518517
7,HAPPY HOMES,0.00035486160397445,0.010513918973961787,0.03225806451612903
7,HAPPY HOMES (HAPPY HOMES-LUCBAN),0.0032315874574024455,0.014811403474952915,0.0
7,HILLSIDE,0.004063433208312664,0.010484824861130263,0.0
7,HOLY GHOST EXTENSION,0.008477292223502554,0.013546610934805506,0.012751779494169318
7,HOLY GHOST PROPER,0.006954329573625695,0.009430139713221332,0.010752688172043012
7,HONEYMOON,0.0017743080198722497,0.011782810540811135,0.0
7,HONEYMOON (HONEYMOON-HOLY GHOST),0.006061277338796631,0.008947342390148848,0.0
7,IMELDA R. MARCOS,0.007497718746831593,0.007710869303299596,0.010752688172043012
7,IMELDA R. MARCOS (LA SALLE),0.0026357636179912135,0.0063248484089374925,0.0
7,IMELDA VILLAGE,0.008615785338398742,0.010702149333658014,0.018518518518518517
7,IRISAN,0.07180400555692673,0.08043941817927641,0.06322546990425228
7,KABAYANIHAN,0.00035486160397445,0.0053185830734311206,0.0
7,KAGITINGAN,0.004177430801987225,0.002882266699760035,0.0
7,KAYANG EXTENSION,0.004112639242764606,0.009188434562808151,0.0
7,KAYANG-HILLTOP,0.00035486160397445,0.02043479107724134,0.0
7,KIAS,0.03132692299283197,0.03100431958926556,0.024085853231696028
7,LEGARDA-BURNHAM-KISAD,0.0027412396602849915,0.011080265765694961,0.0
7,LIWANAG-LOAKAN,0.012431910444512204,0.019213489096757252,0.03225806451612903
7,LOAKAN PROPER,0.0424860807557529,0.03835140492788289,0.046248338297406905
7,LOPEZ JAENA,0.00379450666646425,0.010017775798486228,0.018518518518518517
7,LOURDES SUBDIVISION EXTENSION,0.007538169000444825,0.009976885449244199,0.02816901408450704
7,"LOURDES SUBDIVISION, LOWER",0.002457932512363508,0.004487591143057561,0.01408450704225352
7,"LOURDES SUBDIVISION, PROPER",0.003756473493011614,0.005727180185290716,0.010752688172043012
7,LUALHATI,0.0028388928317956,0.007125871831034546,0.010752688172043012
7,LUCNAB,0.005425471891084234,0.013416006879613617,0.010752688172043012
7,MAGSAYSAY PRIVATE ROAD,0.00824503384370065,0.008378518994245644,0.0
7,"MAGSAYSAY, LOWER",0.0026992950514407705,0.007952753823419144,0.0
7,"MAGSAYSAY, UPPER",0.00151432919770915,0.0072956471877073355,0.0
7,MANUEL A. ROXAS,0.004804059464937017,0.007952402629640629,0.01408450704225352
7,"MARKET SUBDIVISION, UPPER",0.002879323200673245,0.007239918360144109,0.0
7,MIDDLE QUEZON HILL,0.0025789140096325,0.0025789140096325,0.0
7,MIDDLE QUEZON HILL SUBDIVISION,0.011424008922234614,0.008068844792422614,0.0
7,MIDDLE QUEZON HILL SUBDIVISION(QUEZON HILL MIDDLE),0.005741522364092381,0.009828869988552548,0.0
7,MILITARY CUT-OFF,0.012798740339588935,0.01377961119491897,0.0
7,MINES VIEW PARK,0.005039140514299702,0.008672791212112984,0.0
7,"MODERN SITE, EAST",0.010306480069315222,0.010574239438031615,0.0
7,"MODERN SITE, WEST",0.005277208270236283,0.005726255397236057,0.0
7,MRR-QUEEN OF PEACE,0.004103720977390246,0.00957218819327287,0.018518518518518517
7,NEW LUCBAN,0.010486225474885109,0.016799016334701867,0.0
7,OUTLOOK DRIVE,0.005475376161111543,0.008822046518116175,0.01408450704225352
7,PACDAL,0.022115239439471114,0.02653261121259708,0.01563514900634392
7,PADRE BURGOS,0.008327053186619438,0.013396974482136328,0.018518518518518517
7,PADRE ZAMORA,0.006592641248964867,0.009479748898209388,0.010752688172043012
7,PALMA-URBANO (CARIÑO-PALMA),0.002420099490731112,0.00659604693468587,0.0
7,PHIL-AM,0.0029166569993595085,0.008729968997454637,0.01408450704225352
7,PINGET,0.016719493439860105,0.02733545989821189,0.028429838288993217
7,PINSAO PILOT PROJECT,0.009093754376543658,0.02054996271933708,0.018518518518518517
7,PINSAO PROPER,0.018657124874205046,0.023791594339510405,0.025655005300620932
7,POLIWES,0.011408620307494437,0.020987859860269818,0.010752688172043012
7,PUCSUSAN,0.007345957288744049,0.008578282483622038,0.0
7,QUEZON HILL PROPER,0.008224838995820185,0.016023916092710016,0.010752688172043012
7,"QUEZON HILL, UPPER",0.005546153160622865,0.011735370125343241,0.02120248371952143
7,"QUIRINO HILL, EAST",0.008362530171047669,0.01786910411246421,0.01408450704225352
7,"QUIRINO HILL, LOWER",0.009389592154105194,0.010558985770057558,0.0
7,"QUIRINO HILL, MIDDLE",0.00786497269953592,0.015778221252777672,0.0
7,"QUIRINO HILL, WEST",0.006587402363940569,0.009790653463739002,0.010752688172043012
7,"QUIRINO-MAGSAYSAY, UPPER",0.0007097232079489,0.007272411862977765,0.010752688172043012
7,"QUIRINO-MAGSAYSAY, UPPER (UPPER QM)",0.006229099771510577,0.013363076673440883,0.01408450704225352
7,"ROCK QUARRY, LOWER",0.003737981299726719,0.00928472653229539,0.01408450704225352
7,"ROCK QUARRY, MIDDLE",0.005055462805081845,0.01129511777559753,0.018518518518518517
7,"ROCK QUARRY, UPPER",0.004510093228788992,0.01051003456099933,0.04225352112676056
7,SAINT JOSEPH VILLAGE,0.008097208605106508,0.015041961280941383,0.01778568664075252
7,SALUD MITRA,0.0043928529477059025,0.011555745119006058,0.027044945900011778
7,SAN ANTONIO VILLAGE,0.00151432919770915,0.01037915043592873,0.021505376344086023
7,SAN LUIS EXTENSION,0.0010645848119233499,0.000773196887789483,0.0
7,SAN LUIS VILLAGE,0.025601760867400115,0.03344280323277152,0.01408450704225352
7,SAN ROQUE VILLAGE,0.006946732993820742,0.008265504355880261,0.021505376344086023
7,SAN VICENTE,0.027893213293562487,0.02513116566646087,0.04556346441853029
7,"SANITARY CAMP, NORTH",0.006428888072769541,0.012820823762075342,0.010752688172043012
7,"SANITARY CAMP, SOUTH",0.008085891284466545,0.008680343454863805,0.01408450704225352
7,SANTA ESCOLASTICA,0.0024794432432137608,0.010866754308852098,0.0
7,SANTO ROSARIO,0.005233494062529792,0.01099202252269211,0.018518518518518517
7,SANTO TOMAS PROPER,0.03345832582320943,0.027053400941966448,0.029527223075610173
7,SANTO TOMAS SCHOOL AREA,0.002242668688743887,0.005643079568256218,0.0
7,SANTO TOMAS SCHOOL SITE,0.00035486160397445,0.00035486160397445,0.0
7,SCOUT BARRIO,0.0030158472363872608,0.007812303310760456,0.0
7,SESSION ROAD AREA,0.003926290175403021,0.006205739131548678,0.0
7,SLAUGHTER HOUSE AREA,0.008384872756767718,0.011687469484825859,0.0
7,SLAUGHTER HOUSE AREA (SANTO NIÑO SLAUGHTER),0.005207871744467713,0.010706438184491117,0.0
7,SLU-SVP HOUSING VILLAGE,0.016204874511711244,0.01207274182586254,0.0
7,SLU-SVP HOUSING VILLAGE NEW SITE BAKAKENG,0.00035486160397445,0.00035486160397445,0.0
7,SOUTH DRIVE,0.0024771492509100667,0.0025965745257849316,0.0
7,TEODORA ALONZO,0.010469327382070938,0.011193978931398485,0.010752688172043012
7,TRANCOVILLE,0.015163062844684888,0.014994565099996733,0.02816901408450704
7,UPPER MARKET SUBD,0.00035486160397445,0.00035486160397445,0.0
7,VICTORIA VILLAGE,0.006005234463961672,0.011696588703199461,0.010752688172043012
8,A. BONIFACIO-CAGUIOA-RIMANDO,0.007281553398058253,0.015224856367173814,0.0
8,A. BONIFACIO-CAGUIOA-RIMANDO (ABCR),0.005466991565550748,0.0111141747055262,0.0
8,ABANAO-ZANDUETA-KAYONG-CHUGUM-OTEK,0.0010402219140083217,0.0022048934577819303,0.0
8,ALFONSO TABORA,0.00828269080999383,0.008577975256185956,0.0
8,AMBIONG,0.011405470937996556,0.013373799536951175,0.03810389217022565
8,ANDRES BONIFACIO,0.004160887656033287,0.00964281864485028,0.0
8,ANDRES BONIFACIO (LOWER BOKAWKAN),0.0037569717000619706,0.011568883890780302,0.0
8,APUGAN-LOAKAN,0.010854049805847404,0.013925302344019978,0.016299709848096946
8,ASIN ROAD,0.0384466413076429,0.040495139629523946,0.04824742961953321
8,ATOK TRAIL,0.00983381935148099,0.009915076372016602,0.018518518518518517
8,AURORA HILL PROPER,0.0020804438280166435,0.011880397445946352,0.021505376344086023
8,AURORA HILL PROPER (MALVAR-SGT. FLORESCA),0.008033439568762847,0.016451128900714637,0.0
8,"AURORA HILL, NORTH CENTRAL",0.0033393068406495385,0.0070440500353404975,0.0
8,"AURORA HILL, SOUTH CENTRAL",0.005404911913123027,0.009066887485257386,0.018518518518518517
8,BAKAKENG CENTRAL,0.03597859154308594,0.05252287905817909,0.07683376243121813
8,BAKAKENG NORTH,0.028268779777383818,0.031713512950439615,0.04225352112676056
8,BAL-MARCOVILLE,0.0027739251040221915,0.004900068836108636,0.0
8,BAL-MARCOVILLE (MARCOVILLE),0.00034674063800277393,0.0029178821803801866,0.0
8,BALSIGAN,0.009458296120412284,0.018198826328624757,0.03046174297878069
8,BAYAN PARK EAST,0.0049127738267378835,0.008733808240538508,0.016855764214919144
8,BAYAN PARK VILLAGE,0.0024271844660194173,0.005244522277322366,0.0
8,BAYAN PARK WEST,0.0031206657420249652,0.011555436430478272,0.010752688172043012
8,BAYAN PARK WEST (BAYAN PARK),0.004050519172007501,0.00993644901403988,0.0
8,"BAYAN PARK, EAST",0.0006934812760055479,0.0006934812760055479,0.0
8,BGH COMPOUND,0.01079595857471431,0.014700542507853678,0.019371906468680665
8,BROOKSIDE,0.009324020072057668,0.010710221091892265,0.010752688172043012
8,BROOKSPOINT,0.005699416924022422,0.013107881526982536,0.0
8,CABINET HILL-TEACHER'S CAMP,0.01314477953990541,0.013405186762074112,0.018518518518518517
8,CAMDAS SUBDIVISION,0.010305094436741689,0.010891636723397727,0.018518518518518517
8,CAMP 7,0.06288575515626162,0.05260247531961397,0.07195130159691723
8,CAMP 8,0.008214208732090413,0.027513281058517875,0.010752688172043012
8,CAMP ALLEN,0.008216470084077387,0.015977416085353455,0.016855764214919144
8,CAMPO FILIPINO,0.006033966162942614,0.012225925774298428,0.018518518518518517
8,CITY CAMP CENTRAL,0.007636000274569829,0.01160167449829462,0.018518518518518517
8,CITY CAMP PROPER,0.01438993294209271,0.014197824667003879,0.010752688172043012
8,COUNTRY CLUB VILLAGE,0.004745880169514794,0.008297450569648713,0.0
8,CRESENCIA VILLAGE,0.013309609209216727,0.01393283911563931,0.0
8,"DAGSIAN, LOWER",0.006364310541043699,0.00881987436441062,0.016299709848096946
8,"DAGSIAN, UPPER",0.003640776699029126,0.005526063241343298,0.0
8,DIZON SUBDIVISION,0.0035639281533724827,0.0076907271097594165,0.0
8,DOMINICAN HILL-MIRADOR,0.0076962002054958055,0.015020287210642485,0.01705285476298652
8,DONTOGAN,0.010971016086829384,0.014648554964830397,0.01408450704225352
8,DPS AREA,0.00548066185870089,0.009108315198818107,0.0
8,ENGINEERS' HILL,0.013655328083536412,0.01331129875644272,0.037037037037037035
8,FAIRVIEW VILLAGE,0.022162249366092446,0.022199649377479237,0.029804634257155835
8,FERDINAND,0.009215763130917204,0.0108702922963161,0.016299709848096946
8,FERDINAND (HAPPY HOMES-CAMPO SIOCO),0.007011605415860735,0.010982570777634908,0.0
8,FORT DEL PILAR,0.00919981228883113,0.012595409442947061,0.0
8,GABRIELA SILANG,0.007861047662359824,0.01842431555907383,0.018518518518518517
8,GENERAL EMILIO F. AGUINALDO,0.0010402219140083217,0.001404809036358004,0.0
8,"GENERAL EMILIO F. AGUINALDO (QUIRINO-MAGSAYSAY, LOWER)",0.003989361702127659,0.02957987240482632,0.0
8,"GENERAL LUNA, LOWER",0.0010116342550240505,0.0038054685982949706,0.0
8,"GENERAL LUNA, UPPER",0.0017051155310295984,0.007661001292752662,0.012751779494169318
8,GIBRALTAR,0.02116252591879708,0.0256567382028497,0.010752688172043012
8,GREENWATER VILLAGE,0.005343516911374792,0.009009889610666877,0.0
8,GUISAD CENTRAL,0.011367436873530657,0.015045579087301749,0.01408450704225352
8,GUISAD SORONG,0.006588072122052704,0.012834062514595018,0.07042253521126761
8,HAPPY HOLLOW,0.00876010544402922,0.010499862392302568,0.018518518518518517
8,HAPPY HOMES,0.005547850208044383,0.010513918973961787,0.03225806451612903
8,HAPPY HOMES (HAPPY HOMES-LUCBAN),0.0025147918080679907,0.014811403474952915,0.0
8,HILLSIDE,0.009173607360011085,0.010484824861130263,0.0
8,HOLY GHOST EXTENSION,0.00913915782761377,0.013546610934805506,0.012751779494169318
8,HOLY GHOST PROPER,0.005291243473571954,0.009430139713221332,0.010752688172043012
8,HOLYGHOST EXTENSION,0.00034674063800277393,0.00034674063800277393,0.0
8,HONEYMOON,0.010242416933003679,0.011782810540811135,0.0
8,HONEYMOON (HONEYMOON-HOLY GHOST),0.006261451830549125,0.008947342390148848,0.0
8,IMELDA R. MARCOS,0.0017337031900138697,0.007710869303299596,0.010752688172043012
8,IMELDA VILLAGE,0.0062900394895333955,0.010702149333658014,0.018518518518518517
8,IRISAN,0.07338819986584103,0.08043941817927641,0.06322546990425228
8,KABAYANIHAN,0.004389717814764741,0.0053185830734311206,0.0
8,KAYANG EXTENSION,0.004500118520504849,0.009188434562808151,0.0
8,KAYANG-HILLTOP,0.0013869625520110957,0.02043479107724134,0.0
8,KIAS,0.021756256421743926,0.03100431958926556,0.024085853231696028
8,LEGARDA-BURNHAM-KISAD,0.0079750346740638,0.011080265765694961,0.0
8,LIWANAG-LOAKAN,0.010846375789052922,0.019213489096757252,0.03225806451612903
8,LOAKAN PROPER,0.04321890872839294,0.03835140492788289,0.046248338297406905
8,LOPEZ JAENA,0.010922330097087377,0.010017775798486228,0.018518518518518517
8,LOURDES SUBDIVISION EXTENSION,0.006716730559944773,0.009976885449244199,0.02816901408450704
8,"LOURDES SUBDIVISION, LOWER",0.0031206657420249652,0.004487591143057561,0.01408450704225352
8,"LOURDES SUBDIVISION, PROPER",0.004902760795362934,0.005727180185290716,0.010752688172043012
8,LOWER DAGSIAN,0.00034674063800277393,0.00034674063800277393,0.0
8,LOWER ROCK QUARRY,0.00034674063800277393,0.00034674063800277393,0.0
8,LUALHATI,0.0033137092887144527,0.007125871831034546,0.010752688172043012
8,LUCNAB,0.006701661684013515,0.013416006879613617,0.010752688172043012
8,MAGSAYSAY AVENUE,0.0006934812760055479,0.0006934812760055479,0.0
8,MAGSAYSAY PRIVATE ROAD,0.0035836013810605838,0.008378518994245644,0.0
8,"MAGSAYSAY, LOWER",0.00701398814602496,0.007952753823419144,0.0
8,"MAGSAYSAY, UPPER",0.0010116342550240505,0.0072956471877073355,0.0
8,MALCOLM SQUARE-PERFECTO,0.0006934812760055479,0.0006934812760055479,0.0
8,MANUEL A. ROXAS,0.002799522655957277,0.007952402629640629,0.01408450704225352
8,MANUEL ROXAS,0.00034674063800277393,0.0006275029257225496,0.0
8,"MARKET SUBDIVISION, UPPER",0.0025433794670522616,0.007239918360144109,0.0
8,MIDDLE QUEZON HILL SUBDIVISION,0.005894590846047157,0.008068844792422614,0.0
8,MIDDLE QUEZON HILL SUBDIVISION(QUEZON HILL MIDDLE),0.009308510638297872,0.009828869988552548,0.0
8,MILITARY CUT-OFF,0.008456442759480445,0.01377961119491897,0.0
8,MINES VIEW PARK,0.006913931339580011,0.008672791212112984,0.0
8,"MODERN SITE, EAST",0.004740018296101749,0.010574239438031615,0.0
8,"MODERN SITE, WEST",0.0020804438280166435,0.005726255397236057,0.0
8,MRR-QUEEN OF PEACE,0.0025433794670522616,0.00957218819327287,0.018518518518518517
8,NEW LUCBAN,0.007705757370082923,0.016799016334701867,0.0
8,NORTH SANITARY CAMP,0.0006934812760055479,0.0006934812760055479,0.0
8,OUTLOOK DRIVE,0.00543880910798903,0.008822046518116175,0.01408450704225352
8,PACDAL,0.03035933932830235,0.02653261121259708,0.01563514900634392
8,PADRE BURGOS,0.007750413361340855,0.013396974482136328,0.018518518518518517
8,PADRE ZAMORA,0.008861559496758835,0.009479748898209388,0.010752688172043012
8,PALMA-URBANO,0.0020804438280166435,0.0074128478282451575,0.010752688172043012
8,PALMA-URBANO (CARIÑO-PALMA),0.003989361702127659,0.00659604693468587,0.0
8,PHIL-AM,0.0025433794670522616,0.008729968997454637,0.01408450704225352
8,PINGET,0.016174367180110692,0.02733545989821189,0.028429838288993217
8,PINSAO PILOT PROJECT,0.01159492995261746,0.02054996271933708,0.018518518518518517
8,PINSAO PROPER,0.01637902988670437,0.023791594339510405,0.025655005300620932
8,POLIWES,0.014020466518518708,0.020987859860269818,0.010752688172043012
8,PUCSUSAN,0.00726372453546591,0.008578282483622038,0.0
8,QUEZON HILL PROPER,0.010690801479131234,0.016023916092710016,0.010752688172043012
8,"QUEZON HILL, UPPER",0.004495108967325451,0.011735370125343241,0.02120248371952143
8,QUIRINO HILL EAST,0.00034674063800277393,0.00034674063800277393,0.0
8,"QUIRINO HILL, EAST",0.007395295174814319,0.01786910411246421,0.01408450704225352
8,"QUIRINO HILL, LOWER",0.007314511983620054,0.010558985770057558,0.0
8,"QUIRINO HILL, MIDDLE",0.009831213912408958,0.015778221252777672,0.0
8,"QUIRINO HILL, WEST",0.005441463875929895,0.009790653463739002,0.010752688172043012
8,"QUIRINO-MAGSAYSAY, UPPER",0.006775010552975939,0.007272411862977765,0.010752688172043012
8,"QUIRINO-MAGSAYSAY, UPPER (UPPER QM)",0.0065938986390597625,0.013363076673440883,0.01408450704225352
8,RIZAL MONUMENT AREA,0.00034674063800277393,0.005375387644831194,0.0
8,"ROCK QUARRY, LOWER",0.0063205068700194125,0.00928472653229539,0.01408450704225352
8,"ROCK QUARRY, MIDDLE",0.005073010030663408,0.01129511777559753,0.018518518518518517
8,"ROCK QUARRY, UPPER",0.007082529637270393,0.01051003456099933,0.04225352112676056
8,SAINT JOSEPH VILLAGE,0.013704883622166254,0.015041961280941383,0.01778568664075252
8,SALUD MITRA,0.0023700091480508747,0.011555745119006058,0.027044945900011778
8,SAN ANTONIO VILLAGE,0.005306992893493616,0.01037915043592873,0.021505376344086023
8,SAN LUIS EXTENSION,0.00034674063800277393,0.000773196887789483,0.0
8,SAN LUIS VILLAGE,0.029814514899612298,0.03344280323277152,0.01408450704225352
8,SAN ROQUE VILLAGE,0.0010116342550240505,0.008265504355880261,0.021505376344086023
8,SAN VICENTE,0.028175813278985457,0.02513116566646087,0.04556346441853029
8,"SANITARY CAMP, NORTH",0.00506647091805117,0.012820823762075342,0.010752688172043012
8,"SANITARY CAMP, SOUTH",0.0072552851679065266,0.008680343454863805,0.01408450704225352
8,SANTA ESCOLASTICA,0.005384140085356147,0.010866754308852098,0.0
8,SANTO ROSARIO,0.009946264021986114,0.01099202252269211,0.018518518518518517
8,SANTO TOMAS PROPER,0.018227615006442592,0.027053400941966448,0.029527223075610173
8,SANTO TOMAS SCHOOL AREA,0.0010116342550240505,0.005643079568256218,0.0
8,SCOUT BARRIO,0.004950890705383578,0.007812303310760456,0.0
8,SESSION ROAD AREA,0.0010402219140083217,0.006205739131548678,0.0
8,SLAUGHTER HOUSE AREA,0.005201109570041609,0.011687469484825859,0.0
8,SLAUGHTER HOUSE AREA (SANTO NIÑO SLAUGHTER),0.00774633340218963,0.010706438184491117,0.0
8,SLU-SVP HOUSING VILLAGE,0.007906569606115155,0.01207274182586254,0.0
8,SOUTH DRIVE,0.0048543689320388345,0.0025965745257849316,0.0
8,TEODORA ALONZO,0.005518778737346586,0.011193978931398485,0.010752688172043012
8,TRANCOVILLE,0.008854496842038716,0.014994565099996733,0.02816901408450704
8,VICTORIA VILLAGE,0.005819594076966566,0.011696588703199461,0.010752688172043012
9,A. BONIFACIO-CAGUIOA-RIMANDO,0.015300621803229365,0.015224856367173814,0.0
9,A. BONIFACIO-CAGUIOA-RIMANDO (ABCR),0.008602150537634409,0.0111141747055262,0.0
9,ABANAO-ZANDUETA-KAYONG-CHUGUM-OTEK,0.0014792899408284023,0.0022048934577819303,0.0
9,ALFONSO TABORA,0.009802667081409843,0.008577975256185956,0.0
9,AMBIONG,0.01451970100667686,0.013373799536951175,0.03810389217022565
9,ANDRES BONIFACIO,0.004437869822485207,0.00964281864485028,0.0
9,ANDRES BONIFACIO (LOWER BOKAWKAN),0.0067801672640382315,0.011568883890780302,0.0
9,APUGAN-LOAKAN,0.0076646288573781534,0.013925302344019978,0.016299709848096946
9,ASIN ROAD,0.03873809290591473,0.040495139629523946,0.04824742961953321
9,ATOK TRAIL,0.012698246233875193,0.009915076372016602,0.018518518518518517
9,AURORA HILL PROPER,0.009784625413699729,0.011880397445946352,0.021505376344086023
9,AURORA HILL PROPER (MALVAR-SGT. FLORESCA),0.020328524037382723,0.016451128900714637,0.0
9,"AURORA HILL, NORTH CENTRAL",0.0029078935511969483,0.0070440500353404975,0.0
9,"AURORA HILL, SOUTH CENTRAL",0.00587967702386384,0.009066887485257386,0.018518518518518517
9,BAKAKENG CENTRAL,0.03292406453203188,0.05252287905817909,0.07683376243121813
9,BAKAKENG NORTH,0.029985190713288444,0.031713512950439615,0.04225352112676056
9,BAL-MARCOVILLE (MARCOVILLE),0.002150537634408602,0.0029178821803801866,0.0
9,BALSIGAN,0.012488636658898667,0.018198826328624757,0.03046174297878069
9,BAYAN PARK EAST,0.0018149137876185021,0.008733808240538508,0.016855764214919144
9,BAYAN PARK VILLAGE,0.004335273907234205,0.005244522277322366,0.0
9,BAYAN PARK WEST,0.007195868017250025,0.011555436430478272,0.010752688172043012
9,BAYAN PARK WEST (BAYAN PARK),0.0093772174007969,0.00993644901403988,0.0
9,BGH COMPOUND,0.012902236936022517,0.014700542507853678,0.019371906468680665
9,BROOKSIDE,0.008306046059459544,0.010710221091892265,0.010752688172043012
9,BROOKSPOINT,0.0036982248520710057,0.013107881526982536,0.0
9,CABINET HILL-TEACHER'S CAMP,0.011573114218614584,0.013405186762074112,0.018518518518518517
9,CAMDAS SUBDIVISION,0.005757327116220687,0.010891636723397727,0.018518518518518517
9,CAMP 7,0.04563021061389147,0.05260247531961397,0.07195130159691723
9,CAMP 8,0.011830893337928139,0.027513281058517875,0.010752688172043012
9,CAMP ALLEN,0.0064577135448284015,0.015977416085353455,0.016855764214919144
9,CAMPO FILIPINO,0.01072353652753479,0.012225925774298428,0.018518518518518517
9,CITY CAMP CENTRAL,0.006175535012029521,0.01160167449829462,0.018518518518518517
9,CITY CAMP PROPER,0.009000232887042091,0.014197824667003879,0.010752688172043012
9,COUNTRY CLUB VILLAGE,0.00840536174659802,0.008297450569648713,0.0
9,CRESENCIA VILLAGE,0.010685160675241414,0.01393283911563931,0.0
9,"DAGSIAN, LOWER",0.00766367627409811,0.00881987436441062,0.016299709848096946
9,"DAGSIAN, UPPER",0.002655441578934166,0.005526063241343298,0.0
9,DIZON SUBDIVISION,0.006739046420601425,0.0076907271097594165,0.0
9,DOMINICAN HILL-MIRADOR,0.02066710305764854,0.015020287210642485,0.01705285476298652
9,DONTOGAN,0.013545739807532707,0.014648554964830397,0.01408450704225352
9,DPS AREA,0.0029585798816568047,0.009108315198818107,0.0
9,ENGINEERS' HILL,0.008589820704497068,0.01331129875644272,0.037037037037037035
9,FAIRVIEW VILLAGE,0.019650484337278288,0.022199649377479237,0.029804634257155835
9,FERDINAND,0.0057165780764216224,0.0108702922963161,0.016299709848096946
9,FERDINAND (HAPPY HOMES-CAMPO SIOCO),0.011288301018665082,0.010982570777634908,0.0
9,FORT DEL PILAR,0.01034770590933548,0.012595409442947061,0.0
9,GABRIELA SILANG,0.007979277685856517,0.01842431555907383,0.018518518518518517
9,GENERAL EMILIO F. AGUINALDO,0.0014792899408284023,0.001404809036358004,0.0
9,"GENERAL EMILIO F. AGUINALDO (QUIRINO-MAGSAYSAY, LOWER)",0.010752688172043012,0.02957987240482632,0.0
9,"GENERAL LUNA, UPPER",0.006086400561628723,0.007661001292752662,0.012751779494169318
9,GIBRALTAR,0.023769521904567527,0.0256567382028497,0.010752688172043012
9,GREENWATER VILLAGE,0.009454675771406748,0.009009889610666877,0.0
9,GUISAD CENTRAL,0.012407260884205821,0.015045579087301749,0.01408450704225352
9,GUISAD SORONG,0.005976602357909223,0.012834062514595018,0.07042253521126761
9,HAPPY HOLLOW,0.006962795651794825,0.010499862392302568,0.018518518518518517
9,HAPPY HOMES,0.005177514792899409,0.010513918973961787,0.03225806451612903
9,HAPPY HOMES (HAPPY HOMES-LUCBAN),0.022181386670224613,0.014811403474952915,0.0
9,HILLSIDE,0.006245949773658624,0.010484824861130263,0.0
9,HOLY GHOST EXTENSION,0.006554208818476809,0.013546610934805506,0.012751779494169318
9,HOLY GHOST PROPER,0.007971788037958427,0.009430139713221332,0.010752688172043012
9,HONEYMOON,0.014053254437869823,0.011782810540811135,0.0
9,HONEYMOON (HONEYMOON-HOLY GHOST),0.009764750832378145,0.008947342390148848,0.0
9,IMELDA R. MARCOS,0.0029585798816568047,0.007710869303299596,0.010752688172043012
9,IMELDA R. MARCOS (LA SALLE),0.005495313008549185,0.0063248484089374925,0.0
9,IMELDA VILLAGE,0.00576063954644095,0.010702149333658014,0.018518518518518517
9,IRISAN,0.09085528268379758,0.08043941817927641,0.06322546990425228
9,KABAYANIHAN,0.0014792899408284023,0.0053185830734311206,0.0
9,KAGITINGAN,0.0014792899408284023,0.002882266699760035,0.0
9,KAYANG EXTENSION,0.00477444625255535,0.009188434562808151,0.0
9,KIAS,0.027143921654162108,0.03100431958926556,0.024085853231696028
9,LEGARDA-BURNHAM-KISAD,0.00758831321492226,0.011080265765694961,0.0
9,LIWANAG-LOAKAN,0.014753599486141855,0.019213489096757252,0.03225806451612903
9,LOAKAN PROPER,0.02224255940539155,0.03835140492788289,0.046248338297406905
9,LOPEZ JAENA,0.01110837168529476,0.010017775798486228,0.018518518518518517
9,LOURDES SUBDIVISION EXTENSION,0.004358480750955968,0.009976885449244199,0.02816901408450704
9,"LOURDES SUBDIVISION, LOWER",0.0018149137876185021,0.004487591143057561,0.01408450704225352
9,"LOURDES SUBDIVISION, PROPER",0.007919911049358972,0.005727180185290716,0.010752688172043012
9,LUALHATI,0.004849870222411436,0.007125871831034546,0.010752688172043012
9,LUCNAB,0.007641829765100153,0.013416006879613617,0.010752688172043012
9,MAGSAYSAY PRIVATE ROAD,0.005731748029781001,0.008378518994245644,0.0
9,"MAGSAYSAY, LOWER",0.008193364999837641,0.007952753823419144,0.0
9,"MAGSAYSAY, UPPER",0.004607110620800321,0.0072956471877073355,0.0
9,MALCOLM SQUARE-PERFECTO (JOSE ABAD SANTOS),0.002150537634408602,0.002150537634408602,0.0
9,MANUEL A. ROXAS,0.0057165780764216224,0.007952402629640629,0.01408450704225352
9,"MARKET SUBDIVISION, UPPER",0.006456223046835824,0.007239918360144109,0.0
9,MIDDLE QUEZON HILL SUBDIVISION,0.009784625413699729,0.008068844792422614,0.0
9,MIDDLE QUEZON HILL SUBDIVISION(QUEZON HILL MIDDLE),0.007226679766388297,0.009828869988552548,0.0
9,MILITARY CUT-OFF,0.005087133926674933,0.01377961119491897,0.0
9,MINES VIEW PARK,0.011527755035205502,0.008672791212112984,0.0
9,"MODERN SITE, EAST",0.00625278361010371,0.010574239438031615,0.0
9,"MODERN SITE, WEST",0.0018149137876185021,0.005726255397236057,0.0
9,MRR-QUEEN OF PEACE,0.006061519922977771,0.00957218819327287,0.018518518518518517
9,NEW LUCBAN,0.013553421753194217,0.016799016334701867,0.0
9,OUTLOOK DRIVE,0.004437869822485207,0.008822046518116175,0.01408450704225352
9,OUTSIDE BAGUIO,0.005076142131979695,0.005076142131979695,0.0
9,PACDAL,0.030195826476797145,0.02653261121259708,0.01563514900634392
9,PADRE BURGOS,0.01107725469317175,0.013396974482136328,0.018518518518518517
9,PADRE ZAMORA,0.007294261540334773,0.009479748898209388,0.010752688172043012
9,PAG-ASA POB.,0.00847457627118644,0.00847457627118644,0.0
9,PALMA-URBANO,0.0036982248520710057,0.0074128478282451575,0.010752688172043012
9,PALMA-URBANO (CARIÑO-PALMA),0.008602150537634409,0.00659604693468587,0.0
9,PHIL-AM,0.004976933106007422,0.008729968997454637,0.01408450704225352
9,PINGET,0.015318207322945084,0.02733545989821189,0.028429838288993217
9,PINSAO PILOT PROJECT,0.0112375083869099,0.02054996271933708,0.018518518518518517
9,PINSAO PROPER,0.012768382850289736,0.023791594339510405,0.025655005300620932
9,POLIWES,0.01324764981528871,0.020987859860269818,0.010752688172043012
9,PUCSUSAN,0.0073827820312518415,0.008578282483622038,0.0
9,QUEZON HILL PROPER,0.007508552730037778,0.016023916092710016,0.010752688172043012
9,"QUEZON HILL, UPPER",0.006218584971686709,0.011735370125343241,0.02120248371952143
9,"QUIRINO HILL, EAST",0.010951676658609296,0.01786910411246421,0.01408450704225352
9,"QUIRINO HILL, LOWER",0.005814563848062608,0.010558985770057558,0.0
9,"QUIRINO HILL, MIDDLE",0.004369472545651206,0.015778221252777672,0.0
9,"QUIRINO HILL, WEST",0.002184736272825603,0.009790653463739002,0.010752688172043012
9,"QUIRINO-MAGSAYSAY, UPPER",0.006826045532042925,0.007272411862977765,0.010752688172043012
9,"QUIRINO-MAGSAYSAY, UPPER (UPPER QM)",0.012215490420828558,0.013363076673440883,0.01408450704225352
9,"ROCK QUARRY, LOWER",0.005259756479773022,0.00928472653229539,0.01408450704225352
9,"ROCK QUARRY, MIDDLE",0.009953866212014844,0.01129511777559753,0.018518518518518517
9,"ROCK QUARRY, UPPER",0.005737840454162951,0.01051003456099933,0.04225352112676056
9,SAINT JOSEPH VILLAGE,0.012341260583609633,0.015041961280941383,0.01778568664075252
9,SALUD MITRA,0.004849870222411436,0.011555745119006058,0.027044945900011778
9,SAN ANTONIO VILLAGE,0.010155456648653857,0.01037915043592873,0.021505376344086023
9,SAN LUIS VILLAGE,0.025657121456492155,0.03344280323277152,0.01408450704225352
9,SAN ROQUE VILLAGE,0.0029585798816568047,0.008265504355880261,0.021505376344086023
9,SAN VICENTE,0.017059150493182955,0.02513116566646087,0.04556346441853029
9,"SANITARY CAMP, NORTH",0.009748752980353539,0.012820823762075342,0.010752688172043012
9,"SANITARY CAMP, SOUTH",0.007731528875715693,0.008680343454863805,0.01408450704225352
9,SANTA ESCOLASTICA,0.010340367891257406,0.010866754308852098,0.0
9,SANTO ROSARIO,0.006242744398688514,0.01099202252269211,0.018518518518518517
9,SANTO TOMAS PROPER,0.0183626560404355,0.027053400941966448,0.029527223075610173
9,SANTO TOMAS SCHOOL AREA,0.0014792899408284023,0.005643079568256218,0.0
9,SCOUT BARRIO,0.009067499452114837,0.007812303310760456,0.0
9,SESSION ROAD AREA,0.0014792899408284023,0.006205739131548678,0.0
9,SLAUGHTER HOUSE AREA,0.014560976832815164,0.011687469484825859,0.0
9,SLAUGHTER HOUSE AREA (SANTO NIÑO SLAUGHTER),0.015053763440860216,0.010706438184491117,0.0
9,SLU-SVP HOUSING VILLAGE,0.005017682145806486,0.01207274182586254,0.0
9,SOUTH DRIVE,0.0014792899408284023,0.0025965745257849316,0.0
9,TEODORA ALONZO,0.009953866212014844,0.011193978931398485,0.010752688172043012
9,TRANCOVILLE,0.010217039639408312,0.014994565099996733,0.02816901408450704
9,VICTORIA VILLAGE,0.005614021460590971,0.011696588703199461,0.010752688172043012
10,A. BONIFACIO-CAGUIOA-RIMANDO,0.003389830508474576,0.015224856367173814,0.0
10,A. BONIFACIO-CAGUIOA-RIMANDO (ABCR),0.008663607286886386,0.0111141747055262,0.0
10,ABANAO-ZANDUETA-KAYONG-CHUGUM-OTEK,0.004115431483327795,0.0022048934577819303,0.0
10,ALFONSO TABORA,0.0076792612705618365,0.008577975256185956,0.0
10,AMBIONG,0.010056021214173387,0.013373799536951175,0.03810389217022565
10,ANDRES BONIFACIO,0.006779661016949152,0.00964281864485028,0.0
10,ANDRES BONIFACIO (LOWER BOKAWKAN),0.00425531914893617,0.011568883890780302,0.0
10,APUGAN-LOAKAN,0.006233446385468015,0.013925302344019978,0.016299709848096946
10,ASIN ROAD,0.04131294015459912,0.040495139629523946,0.04824742961953321
10,ATOK TRAIL,0.010651379195746095,0.009915076372016602,0.018518518518518517
10,AURORA HILL PROPER,0.01668489156187352,0.011880397445946352,0.021505376344086023
10,AURORA HILL PROPER (MALVAR-SGT. FLORESCA),0.017127659574468084,0.016451128900714637,0.0
10,"AURORA HILL, NORTH CENTRAL",0.007127659574468086,0.0070440500353404975,0.0
10,"AURORA HILL, SOUTH CENTRAL",0.001694915254237288,0.009066887485257386,0.018518518518518517
10,BAKAKENG CENTRAL,0.041491689957200775,0.05252287905817909,0.07683376243121813
10,BAKAKENG NORTH,0.041864341962292786,0.031713512950439615,0.04225352112676056
10,BAL-MARCOVILLE (MARCOVILLE),0.00851063829787234,0.0029178821803801866,0.0
10,BALSIGAN,0.01170025346822341,0.018198826328624757,0.03046174297878069
10,BAYAN PARK EAST,0.0029751172015867293,0.008733808240538508,0.016855764214919144
10,BAYAN PARK VILLAGE,0.005102776776054814,0.005244522277322366,0.0
10,BAYAN PARK WEST,0.009613632221614727,0.011555436430478272,0.010752688172043012
10,BAYAN PARK WEST (BAYAN PARK),0.017194177907569646,0.00993644901403988,0.0
10,BGH COMPOUND,0.012711360313933514,0.014700542507853678,0.019371906468680665
10,BROOKSIDE,0.017946917084482084,0.010710221091892265,0.010752688172043012
10,BROOKSPOINT,0.007127659574468086,0.013107881526982536,0.0
10,CABINET HILL-TEACHER'S CAMP,0.0064219477108469715,0.013405186762074112,0.018518518518518517
10,CAMDAS SUBDIVISION,0.005856975959434542,0.010891636723397727,0.018518518518518517
10,CAMP 7,0.05500085939086576,0.05260247531961397,0.07195130159691723
10,CAMP 8,0.010912494347963507,0.027513281058517875,0.010752688172043012
10,CAMP ALLEN,0.011763433104940497,0.015977416085353455,0.016855764214919144
10,CAMPO FILIPINO,0.004962889110446438,0.012225925774298428,0.018518518518518517
10,CITY CAMP CENTRAL,0.008650078134391153,0.01160167449829462,0.018518518518518517
10,CITY CAMP PROPER,0.013803390218272201,0.014197824667003879,0.010752688172043012
10,COUNTRY CLUB VILLAGE,0.005881716552470249,0.008297450569648713,0.0
10,CRESENCIA VILLAGE,0.018814871382699813,0.01393283911563931,0.0
10,"DAGSIAN, LOWER",0.0070994594573634395,0.00881987436441062,0.016299709848096946
10,"DAGSIAN, UPPER",0.005856975959434542,0.005526063241343298,0.0
10,DIZON SUBDIVISION,0.011882437793003967,0.0076907271097594165,0.0
10,DOMINICAN HILL-MIRADOR,0.010832905842831454,0.015020287210642485,0.01705285476298652
10,DONTOGAN,0.01264865765194566,0.014648554964830397,0.01408450704225352
10,DPS AREA,0.005084745762711864,0.009108315198818107,0.0
10,ENGINEERS' HILL,0.014590548684914523,0.01331129875644272,0.037037037037037035
10,FAIRVIEW VILLAGE,0.026593998983754908,0.022199649377479237,0.029804634257155835
10,FERDINAND,0.010752688172043012,0.0108702922963161,0.016299709848096946
10,FERDINAND (HAPPY HOMES-CAMPO SIOCO),0.006930422287118157,0.010982570777634908,0.0
10,FORT DEL PILAR,0.009078320593774232,0.012595409442947061,0.0
10,GABRIELA SILANG,0.00849260728452939,0.01842431555907383,0.018518518518518517
10,GENERAL EMILIO F. AGUINALDO,0.001694915254237288,0.001404809036358004,0.0
10,"GENERAL EMILIO F. AGUINALDO (QUIRINO-MAGSAYSAY, LOWER)",0.016186900292031705,0.02957987240482632,0.0
10,"GENERAL LUNA, LOWER",0.001694915254237288,0.0038054685982949706,0.0
10,"GENERAL LUNA, UPPER",0.010752688172043012,0.007661001292752662,0.012751779494169318
10,GIBRALTAR,0.01990519800318407,0.0256567382028497,0.010752688172043012
10,GREENWATER VILLAGE,0.009650952579613405,0.009009889610666877,0.0
10,GUISAD CENTRAL,0.012703078707140988,0.015045579087301749,0.01408450704225352
10,GUISAD SORONG,0.005856975959434542,0.012834062514595018,0.07042253521126761
10,HAPPY HOLLOW,0.01167017466120158,0.010499862392302568,0.018518518518518517
10,HAPPY HOMES,0.01867140513942045,0.010513918973961787,0.03225806451612903
10,HAPPY HOMES (HAPPY HOMES-LUCBAN),0.01351063829787234,0.014811403474952915,0.0
10,HARRISON-CLAUDIO CARANTES,0.01,0.01,0.0
10,HILLSIDE,0.009925778220892877,0.010484824861130263,0.0
10,HOLY GHOST EXTENSION,0.01352510424191469,0.013546610934805506,0.012751779494169318
10,HOLY GHOST PROPER,0.006132612609817918,0.009430139713221332,0.010752688172043012
10,HONEYMOON,0.005084745762711864,0.011782810540811135,0.0
10,HONEYMOON (HONEYMOON-HOLY GHOST),0.012127659574468085,0.008947342390148848,0.0
10,IMELDA R. MARCOS,0.0062238017131401495,0.007710869303299596,0.010752688172043012
10,IMELDA VILLAGE,0.005292004208022112,0.010702149333658014,0.018518518518518517
10,IRISAN,0.08067478902421843,0.08043941817927641,0.06322546990425228
10,KABAYANIHAN,0.01,0.0053185830734311206,0.0
10,KAGITINGAN,0.001694915254237288,0.002882266699760035,0.0
10,KAYANG EXTENSION,0.003822574828705373,0.009188434562808151,0.0
10,KAYANG-HILLTOP,0.013071895424836602,0.02043479107724134,0.0
10,KIAS,0.018996928987307884,0.03100431958926556,0.024085853231696028
10,LEGARDA-BURNHAM-KISAD,0.008077893977641543,0.011080265765694961,0.0
10,LIWANAG-LOAKAN,0.01522500864675097,0.019213489096757252,0.03225806451612903
10,LOAKAN PROPER,0.03475414525127432,0.03835140492788289,0.046248338297406905
10,LOPEZ JAENA,0.01,0.010017775798486228,0.018518518518518517
10,LOURDES SUBDIVISION EXTENSION,0.006797692030292102,0.009976885449244199,0.02816901408450704
10,"LOURDES SUBDIVISION, PROPER",0.007071259340258794,0.005727180185290716,0.010752688172043012
10,LUALHATI,0.0062238017131401495,0.007125871831034546,0.010752688172043012
10,LUCNAB,0.005809717571908693,0.013416006879613617,0.010752688172043012
10,MAGSAYSAY PRIVATE ROAD,0.0060769543222185295,0.008378518994245644,0.0
10,"MAGSAYSAY, LOWER",0.00847457627118644,0.007952753823419144,0.0
10,"MAGSAYSAY, UPPER",0.001694915254237288,0.0072956471877073355,0.0
10,MANUEL A. ROXAS,0.001694915254237288,0.007952402629640629,0.01408450704225352
10,"MARKET SUBDIVISION, UPPER",0.005084745762711864,0.007239918360144109,0.0
10,MIDDLE QUEZON HILL SUBDIVISION,0.003389830508474576,0.008068844792422614,0.0
10,MIDDLE QUEZON HILL SUBDIVISION(QUEZON HILL MIDDLE),0.01504658601029064,0.009828869988552548,0.0
10,MILITARY CUT-OFF,0.003389830508474576,0.01377961119491897,0.0
10,MINES VIEW,0.010752688172043012,0.010752688172043012,0.010752688172043012
10,MINES VIEW PARK,0.005102776776054814,0.008672791212112984,0.0
10,"MODERN SITE, EAST",0.012129168051401351,0.010574239438031615,0.0
10,"MODERN SITE, WEST",0.005084745762711864,0.005726255397236057,0.0
10,MRR-QUEEN OF PEACE,0.009358095924990985,0.00957218819327287,0.018518518518518517
10,NEW LUCBAN,0.010032832943250627,0.016799016334701867,0.0
10,OUTLOOK DRIVE,0.006694915254237288,0.008822046518116175,0.01408450704225352
10,PACDAL,0.019829354877486053,0.02653261121259708,0.01563514900634392
10,PADRE BURGOS,0.010434252797164064,0.013396974482136328,0.018518518518518517
10,PADRE ZAMORA,0.008003706260916784,0.009479748898209388,0.010752688172043012
10,PALMA-URBANO,0.009613632221614727,0.0074128478282451575,0.010752688172043012
10,PALMA-URBANO (CARIÑO-PALMA),0.00425531914893617,0.00659604693468587,0.0
10,PHIL-AM,0.003822574828705373,0.008729968997454637,0.01408450704225352
10,PINGET,0.011553748918728448,0.02733545989821189,0.028429838288993217
10,PINSAO PILOT PROJECT,0.015876012624066335,0.02054996271933708,0.018518518518518517
10,PINSAO PROPER,0.02972416510857879,0.023791594339510405,0.025655005300620932
10,POLIWES,0.012044816971338709,0.020987859860269818,0.010752688172043012
10,PUCSUSAN,0.001694915254237288,0.008578282483622038,0.0
10,QUEZON HILL PROPER,0.006647774057526953,0.016023916092710016,0.010752688172043012
10,"QUEZON HILL, UPPER",0.008612477978251626,0.011735370125343241,0.02120248371952143
10,"QUIRINO HILL, EAST",0.007470653445494878,0.01786910411246421,0.01408450704225352
10,"QUIRINO HILL, LOWER",0.007771869576455818,0.010558985770057558,0.0
10,"QUIRINO HILL, MIDDLE",0.008324121410394505,0.015778221252777672,0.0
10,"QUIRINO HILL, WEST",0.008336002440326394,0.009790653463739002,0.010752688172043012
10,"QUIRINO-MAGSAYSAY, UPPER",0.007071259340258794,0.007272411862977765,0.010752688172043012
10,"QUIRINO-MAGSAYSAY, UPPER (UPPER QM)",0.00976730171974227,0.013363076673440883,0.01408450704225352
10,RIZAL MONUMENT AREA,0.001694915254237288,0.005375387644831194,0.0
10,"ROCK QUARRY, LOWER",0.00928356773650679,0.00928472653229539,0.01408450704225352
10,"ROCK QUARRY, MIDDLE",0.010651379195746095,0.01129511777559753,0.018518518518518517
10,"ROCK QUARRY, UPPER",0.016278508839124864,0.01051003456099933,0.04225352112676056
10,SAINT JOSEPH VILLAGE,0.014015379697862106,0.015041961280941383,0.01778568664075252
10,SALUD MITRA,0.011256634656390777,0.011555745119006058,0.027044945900011778
10,SAN ANTONIO VILLAGE,0.012880347746511096,0.01037915043592873,0.021505376344086023
10,SAN LUIS VILLAGE,0.030544536602957084,0.03344280323277152,0.01408450704225352
10,SAN ROQUE VILLAGE,0.012880347746511096,0.008265504355880261,0.021505376344086023
10,SAN VICENTE,0.018392319267318154,0.02513116566646087,0.04556346441853029
10,"SANITARY CAMP, NORTH",0.008370645898041405,0.012820823762075342,0.010752688172043012
10,"SANITARY CAMP, SOUTH",0.007127659574468086,0.008680343454863805,0.01408450704225352
10,SANTA ESCOLASTICA,0.015847457627118644,0.010866754308852098,0.0
10,SANTO ROSARIO,0.005810346737565083,0.01099202252269211,0.018518518518518517
10,SANTO TOMAS PROPER,0.0189269851545037,0.027053400941966448,0.029527223075610173
10,SCOUT BARRIO,0.006779661016949152,0.007812303310760456,0.0
10,SESSION ROAD AREA,0.00826797385620915,0.006205739131548678,0.0
10,SLAUGHTER HOUSE AREA (SANTO NIÑO SLAUGHTER),0.006930422287118157,0.010706438184491117,0.0
10,SLU-SVP HOUSING VILLAGE,0.00957206394999399,0.01207274182586254,0.0
10,SOUTH DRIVE,0.001694915254237288,0.0025965745257849316,0.0
10,TEODORA ALONZO,0.006132612609817918,0.011193978931398485,0.010752688172043012
10,TRANCOVILLE,0.02181993028008174,0.014994565099996733,0.02816901408450704
10,VICTORIA VILLAGE,0.010752688172043012,0.011696588703199461,0.010752688172043012
11,A. BONIFACIO-CAGUIOA-RIMANDO,0.023076923076923078,0.015224856367173814,0.0
11,A. BONIFACIO-CAGUIOA-RIMANDO (ABCR),0.006060606060606061,0.0111141747055262,0.0
11,ALFONSO TABORA,0.005799045915324985,0.008577975256185956,0.0
11,AMBIONG,0.025798471372496922,0.013373799536951175,0.03810389217022565
11,ANDRES BONIFACIO (LOWER BOKAWKAN),0.014658210007047217,0.011568883890780302,0.0
11,APUGAN-LOAKAN,0.007722122838401908,0.013925302344019978,0.016299709848096946
11,ASIN ROAD,0.03317595822672796,0.040495139629523946,0.04824742961953321
11,ATOK TRAIL,0.009675014907573047,0.009915076372016602,0.018518518518518517
11,AURORA HILL PROPER,0.023076923076923078,0.011880397445946352,0.021505376344086023
11,AURORA HILL PROPER (MALVAR-SGT. FLORESCA),0.024709302325581394,0.016451128900714637,0.0
11,"AURORA HILL, NORTH CENTRAL",0.006906272022551093,0.0070440500353404975,0.0
11,"AURORA HILL, SOUTH CENTRAL",0.012121212121212121,0.009066887485257386,0.018518518518518517
11,BAKAKENG CENTRAL,0.04393045703068631,0.05252287905817909,0.07683376243121813
11,BAKAKENG NORTH,0.025689008556679698,0.031713512950439615,0.04225352112676056
11,BALSIGAN,0.024559448767195246,0.018198826328624757,0.03046174297878069
11,BAYAN PARK EAST,0.01007255655142979,0.008733808240538508,0.016855764214919144
11,BAYAN PARK VILLAGE,0.00608974358974359,0.005244522277322366,0.0
11,BAYAN PARK WEST (BAYAN PARK),0.023255813953488372,0.00993644901403988,0.0
11,BGH COMPOUND,0.012019569577709112,0.014700542507853678,0.019371906468680665
11,BROOKSIDE,0.011363636363636364,0.010710221091892265,0.010752688172043012
11,BROOKSPOINT,0.009935897435897435,0.013107881526982536,0.0
11,CABINET HILL-TEACHER'S CAMP,0.009227787716159808,0.013405186762074112,0.018518518518518517
11,CAMDAS SUBDIVISION,0.007751937984496124,0.010891636723397727,0.018518518518518517
11,CAMP 7,0.06379502144323632,0.05260247531961397,0.07195130159691723
11,CAMP 8,0.013054516542888637,0.027513281058517875,0.010752688172043012
11,CAMP ALLEN,0.009842917573019113,0.015977416085353455,0.016855764214919144
11,CAMPO FILIPINO,0.015675990675990677,0.012225925774298428,0.018518518518518517
11,CITY CAMP CENTRAL,0.008013159321298856,0.01160167449829462,0.018518518518518517
11,CITY CAMP PROPER,0.01203447715075622,0.014197824667003879,0.010752688172043012
11,COUNTRY CLUB VILLAGE,0.004953379953379954,0.008297450569648713,0.0
11,CRESENCIA VILLAGE,0.02210793082886106,0.01393283911563931,0.0
11,"DAGSIAN, LOWER",0.011013986013986014,0.00881987436441062,0.016299709848096946
11,DIZON SUBDIVISION,0.0038461538461538464,0.0076907271097594165,0.0
11,DOMINICAN HILL-MIRADOR,0.009565695250267802,0.015020287210642485,0.01705285476298652
11,DONTOGAN,0.01264261832719088,0.014648554964830397,0.01408450704225352
11,DPS AREA,0.006060606060606061,0.009108315198818107,0.0
11,ENGINEERS' HILL,0.014006342494714587,0.01331129875644272,0.037037037037037035
11,FAIRVIEW VILLAGE,0.023198447474569322,0.022199649377479237,0.029804634257155835
11,FERDINAND,0.007692307692307693,0.0108702922963161,0.016299709848096946
11,FERDINAND (HAPPY HOMES-CAMPO SIOCO),0.007751937984496124,0.010982570777634908,0.0
11,FORT DEL PILAR,0.006876456876456877,0.012595409442947061,0.0
11,GABRIELA SILANG,0.007692307692307693,0.01842431555907383,0.018518518518518517
11,"GENERAL EMILIO F. AGUINALDO (QUIRINO-MAGSAYSAY, LOWER)",0.007751937984496124,0.02957987240482632,0.0
11,"GENERAL LUNA, UPPER",0.010918222513374824,0.007661001292752662,0.012751779494169318
11,GIBRALTAR,0.02960508483764298,0.0256567382028497,0.010752688172043012
11,GREENWATER VILLAGE,0.016666666666666666,0.009009889610666877,0.0
11,GUISAD CENTRAL,0.014740520425092976,0.015045579087301749,0.01408450704225352
11,GUISAD SORONG,0.0429035752979415,0.012834062514595018,0.07042253521126761
11,HAPPY HOLLOW,0.004953379953379954,0.010499862392302568,0.018518518518518517
11,HAPPY HOMES,0.0038461538461538464,0.010513918973961787,0.03225806451612903
11,HAPPY HOMES (HAPPY HOMES-LUCBAN),0.007751937984496124,0.014811403474952915,0.0
11,HOLY GHOST EXTENSION,0.016647583637020257,0.013546610934805506,0.012751779494169318
11,HOLY GHOST PROPER,0.0060800310800310795,0.009430139713221332,0.010752688172043012
11,HONEYMOON,0.007692307692307693,0.011782810540811135,0.0
11,HONEYMOON (HONEYMOON-HOLY GHOST),0.013812544045102185,0.008947342390148848,0.0
11,IMELDA R. MARCOS (LA SALLE),0.014393939393939393,0.0063248484089374925,0.0
11,IMELDA VILLAGE,0.012937062937062937,0.010702149333658014,0.018518518518518517
11,IRISAN,0.07909499006289049,0.08043941817927641,0.06322546990425228
11,KAYANG EXTENSION,0.007692307692307693,0.009188434562808151,0.0
11,KAYANG-HILLTOP,0.0038461538461538464,0.02043479107724134,0.0
11,KIAS,0.022728298696608557,0.03100431958926556,0.024085853231696028
11,LEGARDA-BURNHAM-KISAD,0.004953379953379954,0.011080265765694961,0.0
11,LIWANAG-LOAKAN,0.0038461538461538464,0.019213489096757252,0.03225806451612903
11,LOAKAN PROPER,0.027215544036703555,0.03835140492788289,0.046248338297406905
11,LOPEZ JAENA,0.007692307692307693,0.010017775798486228,0.018518518518518517
11,LOURDES SUBDIVISION EXTENSION,0.015609025896038669,0.009976885449244199,0.02816901408450704
11,"LOURDES SUBDIVISION, LOWER",0.011208920187793427,0.004487591143057561,0.01408450704225352
11,"LOURDES SUBDIVISION, PROPER",0.006060606060606061,0.005727180185290716,0.010752688172043012
11,LUALHATI,0.008333333333333333,0.007125871831034546,0.010752688172043012
11,LUCNAB,0.006060606060606061,0.013416006879613617,0.010752688172043012
11,MAGSAYSAY PRIVATE ROAD,0.004953379953379954,0.008378518994245644,0.0
11,"MAGSAYSAY, LOWER",0.013550983899821109,0.007952753823419144,0.0
11,MANUEL A. ROXAS,0.01007255655142979,0.007952402629640629,0.01408450704225352
11,"MARKET SUBDIVISION, UPPER",0.00608974358974359,0.007239918360144109,0.0
11,MIDDLE QUEZON HILL SUBDIVISION,0.0038461538461538464,0.008068844792422614,0.0
11,MIDDLE QUEZON HILL SUBDIVISION(QUEZON HILL MIDDLE),0.008042635658914728,0.009828869988552548,0.0
11,MILITARY CUT-OFF,0.021243291592128802,0.01377961119491897,0.0
11,MINES VIEW PARK,0.010227272727272727,0.008672791212112984,0.0
11,"MODERN SITE, EAST",0.008333333333333333,0.010574239438031615,0.0
11,MRR-QUEEN OF PEACE,0.004953379953379954,0.00957218819327287,0.018518518518518517
11,NEW LUCBAN,0.010897774705914241,0.016799016334701867,0.0
11,OUTLOOK DRIVE,0.008754664740580233,0.008822046518116175,0.01408450704225352
11,PACDAL,0.018388539073111627,0.02653261121259708,0.01563514900634392
11,PADRE BURGOS,0.008421084729224263,0.013396974482136328,0.018518518518518517
11,PADRE ZAMORA,0.007168283912469959,0.009479748898209388,0.010752688172043012
11,PALMA-URBANO,0.0038461538461538464,0.0074128478282451575,0.010752688172043012
11,PHIL-AM,0.011144845619133205,0.008729968997454637,0.01408450704225352
11,PINGET,0.022154576644013265,0.02733545989821189,0.028429838288993217
11,PINSAO PILOT PROJECT,0.009936575052854123,0.02054996271933708,0.018518518518518517
11,PINSAO PROPER,0.014764101495185675,0.023791594339510405,0.025655005300620932
11,POLIWES,0.013655788655788656,0.020987859860269818,0.010752688172043012
11,PUCSUSAN,0.00608974358974359,0.008578282483622038,0.0
11,QUEZON HILL PROPER,0.008012820512820512,0.016023916092710016,0.010752688172043012
11,"QUEZON HILL, UPPER",0.018403783863986944,0.011735370125343241,0.02120248371952143
11,"QUIRINO HILL, EAST",0.015090712868308676,0.01786910411246421,0.01408450704225352
11,"QUIRINO HILL, LOWER",0.009935897435897435,0.010558985770057558,0.0
11,"QUIRINO HILL, MIDDLE",0.01818181818181818,0.015778221252777672,0.0
11,"QUIRINO HILL, WEST",0.0038461538461538464,0.009790653463739002,0.010752688172043012
11,"QUIRINO-MAGSAYSAY, UPPER",0.0038461538461538464,0.007272411862977765,0.010752688172043012
11,"QUIRINO-MAGSAYSAY, UPPER (UPPER QM)",0.012510732116447806,0.013363076673440883,0.01408450704225352
11,"ROCK QUARRY, LOWER",0.009465521513097668,0.00928472653229539,0.01408450704225352
11,"ROCK QUARRY, MIDDLE",0.011034314522686614,0.01129511777559753,0.018518518518518517
11,"ROCK QUARRY, UPPER",0.01923258893452146,0.01051003456099933,0.04225352112676056
11,SAINT JOSEPH VILLAGE,0.020206720891293446,0.015041961280941383,0.01778568664075252
11,SALUD MITRA,0.012335568133144289,0.011555745119006058,0.027044945900011778
11,SAN ANTONIO VILLAGE,0.005886232630418677,0.01037915043592873,0.021505376344086023
11,SAN LUIS VILLAGE,0.0276895094205936,0.03344280323277152,0.01408450704225352
11,SAN ROQUE VILLAGE,0.008042635658914728,0.008265504355880261,0.021505376344086023
11,SAN VICENTE,0.008560866290967832,0.02513116566646087,0.04556346441853029
11,"SANITARY CAMP, NORTH",0.012937062937062937,0.012820823762075342,0.010752688172043012
11,"SANITARY CAMP, SOUTH",0.009492815478730971,0.008680343454863805,0.01408450704225352
11,SANTA ESCOLASTICA,0.008644133644133644,0.010866754308852098,0.0
11,SANTO ROSARIO,0.0038461538461538464,0.01099202252269211,0.018518518518518517
11,SANTO TOMAS PROPER,0.023602753835311976,0.027053400941966448,0.029527223075610173
11,SCOUT BARRIO,0.009207910952096998,0.007812303310760456,0.0
11,SLAUGHTER HOUSE AREA (SANTO NIÑO SLAUGHTER),0.007751937984496124,0.010706438184491117,0.0
11,SLU-SVP HOUSING VILLAGE,0.005886232630418677,0.01207274182586254,0.0
11,TEODORA ALONZO,0.008435992302271371,0.011193978931398485,0.010752688172043012
11,TRANCOVILLE,0.015040505269378508,0.014994565099996733,0.02816901408450704
12,A. BONIFACIO-CAGUIOA-RIMANDO (ABCR),0.012383446393173042,0.0111141747055262,0.0
12,ALFONSO TABORA,0.013080664095254067,0.008577975256185956,0.0
12,AMBIONG,0.014709063378758382,0.013373799536951175,0.03810389217022565
12,ANDRES BONIFACIO,0.014492753623188406,0.00964281864485028,0.0
12,ANDRES BONIFACIO (LOWER BOKAWKAN),0.01660698851710088,0.011568883890780302,0.0
12,APUGAN-LOAKAN,0.012333616795430833,0.013925302344019978,0.016299709848096946
12,ASIN ROAD,0.06147778732121308,0.040495139629523946,0.04824742961953321
12,ATOK TRAIL,0.018518518518518517,0.009915076372016602,0.018518518518518517
12,AURORA HILL PROPER (MALVAR-SGT. FLORESCA),0.01108587497296128,0.016451128900714637,0.0
12,"AURORA HILL, NORTH CENTRAL",0.014709063378758382,0.0070440500353404975,0.0
12,"AURORA HILL, SOUTH CENTRAL",0.018518518518518517,0.009066887485257386,0.018518518518518517
12,AZKCO,0.01098901098901099,0.01098901098901099,0.0
12,BAKAKENG CENTRAL,0.05764242789303124,0.05252287905817909,0.07683376243121813
12,BAKAKENG NORTH,0.032033692472339496,0.031713512950439615,0.04225352112676056
12,BALSIGAN,0.017478666813514315,0.018198826328624757,0.03046174297878069
12,BAYAN PARK EAST,0.018518518518518517,0.008733808240538508,0.016855764214919144
12,BAYAN PARK WEST (BAYAN PARK),0.014925373134328358,0.00993644901403988,0.0
12,BGH COMPOUND,0.019579993607025035,0.014700542507853678,0.019371906468680665
12,BROOKSIDE,0.012957192061669674,0.010710221091892265,0.010752688172043012
12,BROOKSPOINT,0.01098901098901099,0.013107881526982536,0.0
12,CABINET HILL-TEACHER'S CAMP,0.02090716884724375,0.013405186762074112,0.018518518518518517
12,CAMDAS SUBDIVISION,0.02024827024827025,0.010891636723397727,0.018518518518518517
12,CAMP 7,0.061465959147312996,0.05260247531961397,0.07195130159691723
12,CAMP 8,0.01854856154012546,0.027513281058517875,0.010752688172043012
12,CAMP ALLEN,0.012333616795430833,0.015977416085353455,0.016855764214919144
12,CAMPO FILIPINO,0.03123728123728124,0.012225925774298428,0.018518518518518517
12,CITY CAMP CENTRAL,0.016505636070853463,0.01160167449829462,0.018518518518518517
12,CITY CAMP PROPER,0.009117693900302596,0.014197824667003879,0.010752688172043012
12,CRESENCIA VILLAGE,0.00924116593388699,0.01393283911563931,0.0
12,"DAGSIAN, LOWER",0.012333616795430833,0.00881987436441062,0.016299709848096946
12,"DAGSIAN, UPPER",0.014492753623188406,0.005526063241343298,0.0
12,DOMINICAN HILL-MIRADOR,0.017232102967325243,0.015020287210642485,0.01705285476298652
12,DONTOGAN,0.01746962015082818,0.014648554964830397,0.01408450704225352
12,ENGINEERS' HILL,0.02595336623291621,0.01331129875644272,0.037037037037037035
12,FAIRVIEW VILLAGE,0.017132049578512915,0.022199649377479237,0.029804634257155835
12,FERDINAND,0.018518518518518517,0.0108702922963161,0.016299709848096946
12,FERDINAND (HAPPY HOMES-CAMPO SIOCO),0.011112483022595383,0.010982570777634908,0.0
12,GABRIELA SILANG,0.018518518518518517,0.01842431555907383,0.018518518518518517
12,"GENERAL EMILIO F. AGUINALDO (QUIRINO-MAGSAYSAY, LOWER)",0.014925373134328358,0.02957987240482632,0.0
12,"GENERAL LUNA, UPPER",0.013080664095254067,0.007661001292752662,0.012751779494169318
12,GIBRALTAR,0.025082386801210853,0.0256567382028497,0.010752688172043012
12,GUISAD CENTRAL,0.012740882306099698,0.015045579087301749,0.01408450704225352
12,GUISAD SORONG,0.012740882306099698,0.012834062514595018,0.07042253521126761
12,HAPPY HOLLOW,0.017082219980770707,0.010499862392302568,0.018518518518518517
12,HILLSIDE,0.00924116593388699,0.010484824861130263,0.0
12,HOLY GHOST EXTENSION,0.020419878628833852,0.013546610934805506,0.012751779494169318
12,IMELDA R. MARCOS (LA SALLE),0.01098901098901099,0.0063248484089374925,0.0
12,IMELDA VILLAGE,0.018518518518518517,0.010702149333658014,0.018518518518518517
12,IRISAN,0.06997588424139109,0.08043941817927641,0.06322546990425228
12,KAYANG EXTENSION,0.00924116593388699,0.009188434562808151,0.0
12,KIAS,0.013917214424509411,0.03100431958926556,0.024085853231696028
12,LIWANAG-LOAKAN,0.014492753623188406,0.019213489096757252,0.03225806451612903
12,LOAKAN PROPER,0.033921778011053186,0.03835140492788289,0.046248338297406905
12,LOPEZ JAENA,0.018518518518518517,0.010017775798486228,0.018518518518518517
12,LOURDES SUBDIVISION EXTENSION,0.007246376811594203,0.009976885449244199,0.02816901408450704
12,"LOURDES SUBDIVISION, PROPER",0.007246376811594203,0.005727180185290716,0.010752688172043012
12,LUALHATI,0.014492753623188406,0.007125871831034546,0.010752688172043012
12,LUCNAB,0.012740882306099698,0.013416006879613617,0.010752688172043012
12,"MAGSAYSAY, LOWER",0.014859143461976877,0.007952753823419144,0.0
12,"MAGSAYSAY, UPPER",0.029850746268656716,0.0072956471877073355,0.0
12,MIDDLE QUEZON HILL SUBDIVISION(QUEZON HILL MIDDLE),0.011235955056179775,0.009828869988552548,0.0
12,MILITARY CUT-OFF,0.007246376811594203,0.01377961119491897,0.0
12,MINES VIEW PARK,0.012864354339684091,0.008672791212112984,0.0
12,"MODERN SITE, EAST",0.011235955056179775,0.010574239438031615,0.0
12,MRR-QUEEN OF PEACE,0.015978881758678426,0.00957218819327287,0.018518518518518517
12,NEW LUCBAN,0.05970149253731343,0.016799016334701867,0.0
12,PACDAL,0.01693087298888289,0.02653261121259708,0.01563514900634392
12,PADRE BURGOS,0.01288244766505636,0.013396974482136328,0.018518518518518517
12,PADRE ZAMORA,0.007246376811594203,0.009479748898209388,0.010752688172043012
12,PALMA-URBANO (CARIÑO-PALMA),0.01098901098901099,0.00659604693468587,0.0
12,PHIL-AM,0.011235955056179775,0.008729968997454637,0.01408450704225352
12,PINGET,0.024667233590861665,0.02733545989821189,0.028429838288993217
12,PINSAO PILOT PROJECT,0.025886096869479902,0.02054996271933708,0.018518518518518517
12,PINSAO PROPER,0.02687351584171831,0.023791594339510405,0.025655005300620932
12,POLIWES,0.007246376811594203,0.020987859860269818,0.010752688172043012
12,PUCSUSAN,0.00924116593388699,0.008578282483622038,0.0
12,QUEZON HILL PROPER,0.012740882306099698,0.016023916092710016,0.010752688172043012
12,"QUEZON HILL, UPPER",0.027595999506111867,0.011735370125343241,0.02120248371952143
12,"QUIRINO HILL, EAST",0.031095715878324572,0.01786910411246421,0.01408450704225352
12,"QUIRINO HILL, LOWER",0.014925373134328358,0.010558985770057558,0.0
12,"QUIRINO HILL, MIDDLE",0.01348678461526532,0.015778221252777672,0.0
12,"QUIRINO HILL, WEST",0.011235955056179775,0.009790653463739002,0.010752688172043012
12,"QUIRINO-MAGSAYSAY, UPPER",0.014492753623188406,0.007272411862977765,0.010752688172043012
12,"QUIRINO-MAGSAYSAY, UPPER (UPPER QM)",0.022333695149391944,0.013363076673440883,0.01408450704225352
12,"ROCK QUARRY, LOWER",0.014492753623188406,0.00928472653229539,0.01408450704225352
12,"ROCK QUARRY, MIDDLE",0.014666761043572637,0.01129511777559753,0.018518518518518517
12,"ROCK QUARRY, UPPER",0.014925373134328358,0.01051003456099933,0.04225352112676056
12,SAINT JOSEPH VILLAGE,0.016664467171762155,0.015041961280941383,0.01778568664075252
12,SALUD MITRA,0.019736262327653197,0.011555745119006058,0.027044945900011778
12,SAN ANTONIO VILLAGE,0.014925373134328358,0.01037915043592873,0.021505376344086023
12,SAN LUIS VILLAGE,0.02970296976815435,0.03344280323277152,0.01408450704225352
12,SAN ROQUE VILLAGE,0.014925373134328358,0.008265504355880261,0.021505376344086023
12,SAN VICENTE,0.0286953429967597,0.02513116566646087,0.04556346441853029
12,"SANITARY CAMP, NORTH",0.00924116593388699,0.012820823762075342,0.010752688172043012
12,"SANITARY CAMP, SOUTH",0.011099178997778332,0.008680343454863805,0.01408450704225352
12,SANTA ESCOLASTICA,0.014925373134328358,0.010866754308852098,0.0
12,SANTO ROSARIO,0.014753764753764755,0.01099202252269211,0.018518518518518517
12,SANTO TOMAS PROPER,0.028586892473978782,0.027053400941966448,0.029527223075610173
12,SANTO TOMAS SCHOOL AREA,0.014492753623188406,0.005643079568256218,0.0
12,SESSION ROAD AREA,0.014925373134328358,0.006205739131548678,0.0
12,SLAUGHTER HOUSE AREA (SANTO NIÑO SLAUGHTER),0.02247191011235955,0.010706438184491117,0.0
12,SLU-SVP HOUSING VILLAGE,0.014925373134328358,0.01207274182586254,0.0
12,TEODORA ALONZO,0.009823780952261656,0.011193978931398485,0.010752688172043012
12,TRANCOVILLE,0.02217174994592256,0.014994565099996733,0.02816901408450704
